1,142.177.216.158,,,,,93,2015-03-22 08:01:29,2015-03-22 08:02:27,正常完成
3,142.177.216.158,,,,,193,2015-03-22 09:48:31,2015-03-22 09:49:09,正常完成
5,142.177.216.158,,,,,64,2015-03-22 10:33:21,2015-03-22 10:33:57,正常完成
7,142.177.216.158,,,,,0,2015-03-22 10:48:46,2015-03-22 10:49:20,正常完成
9,142.177.216.158,,,,,155,2015-03-22 10:56:11,2015-03-22 10:56:44,正常完成
11,223.104.5.234,,,,,49,2015-03-22 11:06:44,2015-03-22 11:07:47,正常完成
13,114.81.254.160,,,,,77,2015-03-22 11:09:28,2015-03-22 11:11:48,正常完成
15,122.4.76.133,,,,,49,2015-03-22 11:10:26,2015-03-22 11:11:58,正常完成
17,123.116.35.139,,,,,179,2015-03-22 11:13:14,2015-03-22 11:14:29,正常完成
19,117.136.0.136,,,,,192,2015-03-22 11:17:30,2015-03-22 11:19:06,正常完成
21,119.184.121.211,,,,,150,2015-03-22 11:18:03,2015-03-22 11:19:18,正常完成
23,219.147.6.238,,,,,164,2015-03-22 11:18:09,2015-03-22 11:20:15,正常完成
25,101.224.88.70,,,,,36,2015-03-22 11:20:33,2015-03-22 11:21:57,正常完成
27,101.226.125.113,,,,,170,2015-03-22 11:23:18,2015-03-22 11:23:42,正常完成
29,101.226.125.15,,,,,175,2015-03-22 11:23:24,2015-03-22 11:25:08,正常完成
31,123.151.42.46,,,,,174,2015-03-22 11:24:33,2015-03-22 11:26:24,正常完成
33,117.136.40.177,,,,,184,2015-03-22 11:26:37,2015-03-22 11:27:28,正常完成
35,223.104.2.199,,,,,152,2015-03-22 11:26:23,2015-03-22 11:29:49,正常完成
37,153.0.0.226,,,,,64,2015-03-22 11:29:23,2015-03-22 11:31:04,正常完成
39,101.226.125.109,,,,,80,2015-03-22 11:30:37,2015-03-22 11:32:51,正常完成
41,130.220.8.137,,,,,55,2015-03-22 11:34:41,2015-03-22 11:36:03,正常完成
43,112.97.24.120,,,,,148,2015-03-22 11:35:09,2015-03-22 11:36:50,正常完成
45,101.226.125.108,,,,,128,2015-03-22 11:34:54,2015-03-22 11:36:57,正常完成
47,123.151.64.142,,,,,67,2015-03-22 11:36:25,2015-03-22 11:38:06,正常完成
49,101.36.71.10,,,,,60,2015-03-22 11:36:57,2015-03-22 11:38:25,正常完成
51,183.46.4.106,,,,,66,2015-03-22 11:35:56,2015-03-22 11:39:03,正常完成
53,119.85.39.65,,,,,46,2015-03-22 11:36:30,2015-03-22 11:39:16,正常完成
55,130.220.8.137,,,,,51,2015-03-22 11:39:20,2015-03-22 11:40:06,正常完成
57,117.136.45.184,,,,,169,2015-03-22 11:38:40,2015-03-22 11:41:18,正常完成
59,60.208.157.222,,,,,74,2015-03-22 11:40:02,2015-03-22 11:42:19,正常完成
61,112.225.57.190,,,,,120,2015-03-22 11:42:12,2015-03-22 11:44:03,正常完成
63,14.16.22.55,,,,,149,2015-03-22 11:45:59,2015-03-22 11:48:11,正常完成
65,223.104.25.99,,,,,147,2015-03-22 11:46:19,2015-03-22 11:48:16,正常完成
67,113.124.14.248,,,,,53,2015-03-22 11:46:21,2015-03-22 11:49:10,正常完成
69,101.254.209.81,,,,,59,2015-03-22 11:48:26,2015-03-22 11:50:43,正常完成
71,117.136.40.151,,,,,140,2015-03-22 11:50:04,2015-03-22 11:52:16,正常完成
73,111.37.17.109,,,,,170,2015-03-22 11:55:52,2015-03-22 11:58:45,正常完成
75,101.226.89.191,,,,,153,2015-03-22 12:00:10,2015-03-22 12:03:09,正常完成
77,117.136.37.20,,,,,50,2015-03-22 12:03:51,2015-03-22 12:05:40,正常完成
79,111.164.224.206,,,,,153,2015-03-22 12:09:30,2015-03-22 12:11:56,正常完成
81,163.125.249.146,,,,,32,2015-03-22 12:10:55,2015-03-22 12:19:19,正常完成
83,123.235.127.249,,,,,88,2015-03-22 12:23:04,2015-03-22 12:25:01,正常完成
85,121.98.156.116,,,,,67,2015-03-22 12:27:54,2015-03-22 12:29:58,正常完成
87,112.224.69.141,,,,,173,2015-03-22 12:32:01,2015-03-22 12:33:30,正常完成
89,101.226.125.117,,,,,182,2015-03-22 12:32:16,2015-03-22 12:34:54,正常完成
91,172.56.38.244,,,,,138,2015-03-22 12:30:44,2015-03-22 12:35:48,正常完成
93,101.224.75.40,,,,,148,2015-03-22 12:40:27,2015-03-22 12:42:21,正常完成
95,221.3.64.158,,,,,142,2015-03-22 12:42:40,2015-03-22 12:44:09,正常完成
97,61.148.244.79,,,,,134,2015-03-22 12:46:14,2015-03-22 12:48:19,正常完成
99,124.129.22.142,,,,,67,2015-03-22 12:47:19,2015-03-22 12:49:19,正常完成
101,106.91.182.17,,,,,61,2015-03-22 12:41:31,2015-03-22 12:52:48,正常完成
103,106.91.182.17,,,,,154,2015-03-22 12:53:30,2015-03-22 12:56:54,正常完成
105,101.226.125.109,,,,,165,2015-03-22 13:00:06,2015-03-22 13:01:24,正常完成
107,101.226.125.119,,,,,149,2015-03-22 13:00:53,2015-03-22 13:02:52,正常完成
109,101.226.125.109,,,,,131,2015-03-22 13:04:00,2015-03-22 13:06:10,正常完成
111,223.81.192.203,,,,,171,2015-03-22 13:06:42,2015-03-22 13:08:40,正常完成
113,123.151.64.142,,,,,65,2015-03-22 13:09:41,2015-03-22 13:11:11,正常完成
115,112.224.67.210,,,,,164,2015-03-22 13:12:27,2015-03-22 13:14:58,正常完成
117,183.61.33.74,,,,,133,2015-03-22 13:16:20,2015-03-22 13:20:37,正常完成
119,116.234.18.210,,,,,43,2015-03-22 13:20:23,2015-03-22 13:22:09,正常完成
121,123.151.42.46,,,,,126,2015-03-22 13:22:54,2015-03-22 13:25:26,正常完成
123,101.226.61.181,,,,,173,2015-03-22 13:24:32,2015-03-22 13:27:24,正常完成
125,101.226.125.19,,,,,142,2015-03-22 13:26:34,2015-03-22 13:28:17,正常完成
127,117.136.8.96,,,,,161,2015-03-22 13:28:16,2015-03-22 13:30:53,正常完成
129,153.119.192.103,,,,,169,2015-03-22 13:35:01,2015-03-22 13:38:25,正常完成
131,78.26.151.186,,,,,171,2015-03-22 13:36:45,2015-03-22 13:40:14,正常完成
133,180.166.37.196,,,,,81,2015-03-22 13:42:19,2015-03-22 13:44:41,正常完成
135,27.223.5.242,,,,,78,2015-03-22 13:43:44,2015-03-22 13:46:13,正常完成
137,58.56.176.3,,,,,173,2015-03-22 13:48:44,2015-03-22 13:49:55,正常完成
139,183.46.68.54,,,,,41,2015-03-22 13:49:40,2015-03-22 13:50:26,正常完成
141,112.224.65.225,,,,,173,2015-03-22 13:48:46,2015-03-22 13:51:27,正常完成
143,106.38.217.67,,,,,151,2015-03-22 13:50:43,2015-03-22 13:52:34,正常完成
145,101.226.61.193,,,,,63,2015-03-22 13:49:05,2015-03-22 13:53:31,正常完成
147,101.226.102.237,,,,,175,2015-03-22 13:52:14,2015-03-22 13:56:05,正常完成
149,117.79.232.2,,,,,179,2015-03-22 13:55:42,2015-03-22 13:57:20,正常完成
151,218.58.86.137,,,,,143,2015-03-22 13:53:33,2015-03-22 13:57:47,正常完成
153,60.209.123.66,,,,,155,2015-03-22 13:55:44,2015-03-22 13:58:13,正常完成
155,117.136.40.139,,,,,59,2015-03-22 13:55:33,2015-03-22 13:58:26,正常完成
157,71.95.193.231,,,,,51,2015-03-22 13:56:13,2015-03-22 13:58:38,正常完成
159,112.224.67.172,,,,,44,2015-03-22 13:57:17,2015-03-22 13:59:12,正常完成
161,122.4.76.131,,,,,162,2015-03-22 13:58:40,2015-03-22 14:00:36,正常完成
163,182.40.32.19,,,,,129,2015-03-22 13:58:03,2015-03-22 14:01:04,正常完成
165,119.165.1.199,,,,,184,2015-03-22 14:02:45,2015-03-22 14:04:50,正常完成
167,27.210.77.61,,,,,120,2015-03-22 14:06:07,2015-03-22 14:06:48,正常完成
169,112.96.161.75,,,,,62,2015-03-22 14:05:53,2015-03-22 14:08:47,正常完成
171,101.226.89.191,,,,,50,2015-03-22 14:07:18,2015-03-22 14:10:11,正常完成
173,101.226.125.116,,,,,162,2015-03-22 14:09:01,2015-03-22 14:12:08,正常完成
175,223.104.2.195,,,,,148,2015-03-22 14:10:35,2015-03-22 14:12:40,正常完成
177,211.140.18.104,,,,,52,2015-03-22 14:10:15,2015-03-22 14:13:13,正常完成
179,110.148.168.222,,,,,174,2015-03-22 14:12:54,2015-03-22 14:14:40,正常完成
181,111.161.57.49,,,,,172,2015-03-22 14:18:22,2015-03-22 14:20:47,正常完成
183,183.13.244.196,,,,,54,2015-03-22 14:21:30,2015-03-22 14:22:42,正常完成
185,188.230.63.23,,,,,117,2015-03-22 14:23:15,2015-03-22 14:24:45,正常完成
187,117.136.37.143,,,,,158,2015-03-22 14:22:11,2015-03-22 14:26:08,正常完成
189,119.167.17.115,,,,,156,2015-03-22 14:25:07,2015-03-22 14:27:05,正常完成
191,116.26.62.202,,,,,61,2015-03-22 14:28:07,2015-03-22 14:30:18,正常完成
193,117.136.9.186,,,,,164,2015-03-22 14:31:05,2015-03-22 14:32:32,正常完成
195,180.153.81.159,,,,,159,2015-03-22 14:31:22,2015-03-22 14:34:50,正常完成
197,119.32.91.52,,,,,147,2015-03-22 14:35:36,2015-03-22 14:37:10,正常完成
199,112.224.67.218,,,,,150,2015-03-22 14:39:14,2015-03-22 14:41:55,正常完成
201,113.205.155.30,,,,,112,2015-03-22 14:44:55,2015-03-22 14:45:26,正常完成
203,101.226.125.116,,,,,180,2015-03-22 14:50:17,2015-03-22 14:52:05,正常完成
205,101.226.61.186,,,,,151,2015-03-22 14:54:43,2015-03-22 14:58:13,正常完成
207,101.226.69.109,,,,,168,2015-03-22 14:58:34,2015-03-22 15:01:25,正常完成
209,223.104.2.250,,,,,32,2015-03-22 15:03:15,2015-03-22 15:04:48,正常完成
211,87.101.79.38,,,,,38,2015-03-22 15:08:58,2015-03-22 15:11:59,正常完成
213,60.28.159.170,,,,,162,2015-03-22 15:13:54,2015-03-22 15:15:45,正常完成
215,223.104.2.17,,,,,53,2015-03-22 15:21:56,2015-03-22 15:23:59,正常完成
217,101.226.125.108,,,,,135,2015-03-22 15:26:46,2015-03-22 15:28:16,正常完成
219,171.34.247.6,,,,,152,2015-03-22 15:29:24,2015-03-22 15:30:56,正常完成
221,112.224.20.87,,,,,35,2015-03-22 15:36:17,2015-03-22 15:36:48,正常完成
223,140.255.101.163,,,,,55,2015-03-22 15:38:53,2015-03-22 15:41:40,正常完成
225,106.39.222.104,,,,,114,2015-03-22 15:39:54,2015-03-22 15:42:27,正常完成
227,218.56.251.213,,,,,56,2015-03-22 15:45:45,2015-03-22 15:47:12,正常完成
229,106.39.222.104,,,,,158,2015-03-22 15:48:50,2015-03-22 15:51:53,正常完成
231,60.28.159.182,,,,,156,2015-03-22 16:03:26,2015-03-22 16:05:30,正常完成
233,101.226.125.117,,,,,152,2015-03-22 16:05:00,2015-03-22 16:06:48,正常完成
235,116.249.97.157,,,,,29,2015-03-22 16:07:13,2015-03-22 16:08:40,正常完成
237,123.151.176.198,,,,,63,2015-03-22 16:07:16,2015-03-22 16:09:21,正常完成
239,60.28.159.182,,,,,133,2015-03-22 16:10:06,2015-03-22 16:10:55,正常完成
241,124.128.244.231,,,,,140,2015-03-22 16:12:48,2015-03-22 16:14:40,正常完成
243,101.226.125.119,,,,,43,2015-03-22 16:17:06,2015-03-22 16:19:37,正常完成
245,110.88.56.250,,,,,169,2015-03-22 16:21:43,2015-03-22 16:22:33,正常完成
247,220.249.66.76,,,,,164,2015-03-22 16:25:14,2015-03-22 16:26:31,正常完成
249,117.27.134.27,,,,,138,2015-03-22 16:26:37,2015-03-22 16:28:45,正常完成
251,101.226.125.121,,,,,151,2015-03-22 16:30:42,2015-03-22 16:33:35,正常完成
253,223.104.3.153,,,,,69,2015-03-22 16:33:51,2015-03-22 16:35:26,正常完成
255,113.108.11.50,,,,,73,2015-03-22 16:34:22,2015-03-22 16:36:42,正常完成
257,218.104.225.9,,,,,53,2015-03-22 16:41:20,2015-03-22 16:42:40,正常完成
259,112.224.19.187,,,,,171,2015-03-22 16:40:55,2015-03-22 16:43:09,正常完成
261,211.140.4.150,,,,,75,2015-03-22 16:43:13,2015-03-22 16:44:51,正常完成
263,223.81.192.34,,,,,67,2015-03-22 16:43:45,2015-03-22 16:45:59,正常完成
265,123.151.42.46,,,,,43,2015-03-22 16:49:22,2015-03-22 16:50:59,正常完成
267,223.104.2.188,,,,,48,2015-03-22 16:18:10,2015-03-22 16:54:06,正常完成
269,123.151.42.57,,,,,44,2015-03-22 17:00:39,2015-03-22 17:02:03,正常完成
271,123.151.64.143,,,,,140,2015-03-22 17:03:59,2015-03-22 17:06:38,正常完成
273,112.224.67.165,,,,,126,2015-03-22 17:07:43,2015-03-22 17:12:12,正常完成
275,112.224.69.26,,,,,117,2015-03-22 17:15:27,2015-03-22 17:17:15,正常完成
277,101.226.125.15,,,,,53,2015-03-22 17:19:26,2015-03-22 17:22:18,正常完成
279,183.60.52.5,,,,,29,2015-03-22 17:27:17,2015-03-22 17:28:47,正常完成
281,123.151.139.155,,,,,168,2015-03-22 17:29:19,2015-03-22 17:31:29,正常完成
283,151.76.0.150,,,,,134,2015-03-22 17:31:41,2015-03-22 17:34:21,正常完成
285,183.232.118.15,,,,,74,2015-03-22 17:38:59,2015-03-22 17:40:48,正常完成
287,124.129.193.205,,,,,32,2015-03-22 17:46:10,2015-03-22 17:49:06,正常完成
289,117.158.132.68,,,,,148,2015-03-22 17:51:36,2015-03-22 17:54:46,正常完成
291,111.31.242.223,,,,,167,2015-03-22 17:59:19,2015-03-22 18:01:20,正常完成
293,60.28.159.187,,,,,68,2015-03-22 18:11:40,2015-03-22 18:13:30,正常完成
295,111.161.177.118,,,,,65,2015-03-22 18:27:26,2015-03-22 18:29:11,正常完成
297,123.151.139.155,,,,,55,2015-03-22 18:38:55,2015-03-22 18:41:02,正常完成
299,211.137.199.4,,,,,154,2015-03-22 18:42:54,2015-03-22 18:56:32,正常完成
301,211.137.199.4,,,,,154,2015-03-22 18:57:24,2015-03-22 18:58:21,正常完成
303,220.249.67.12,,,,,169,2015-03-22 19:02:42,2015-03-22 19:05:43,正常完成
305,94.197.121.107,,,,,73,2015-03-22 19:10:45,2015-03-22 19:13:21,正常完成
307,101.226.125.114,,,,,175,2015-03-22 19:17:07,2015-03-22 19:18:49,正常完成
309,112.224.69.61,,,,,172,2015-03-22 19:17:05,2015-03-22 19:20:07,正常完成
311,112.224.69.61,,,,,149,2015-03-22 19:22:16,2015-03-22 19:24:46,正常完成
313,112.224.69.61,,,,,178,2015-03-22 19:25:24,2015-03-22 19:27:04,正常完成
315,123.150.222.28,,,,,129,2015-03-22 19:28:40,2015-03-22 19:30:28,正常完成
317,142.177.216.158,,,,,200,2015-03-22 19:41:06,2015-03-22 19:41:52,正常完成
319,101.226.125.116,,,,,127,2015-03-22 19:41:43,2015-03-22 19:45:25,正常完成
321,123.135.15.163,,,,,163,2015-03-22 19:44:58,2015-03-22 19:46:17,正常完成
323,111.17.223.4,,,,,155,2015-03-22 19:49:07,2015-03-22 19:51:51,正常完成
325,180.98.5.37,,,,,168,2015-03-22 19:50:51,2015-03-22 19:53:52,正常完成
327,101.36.71.38,,,,,71,2015-03-22 20:06:35,2015-03-22 20:07:51,正常完成
329,101.226.125.18,,,,,158,2015-03-22 20:11:26,2015-03-22 20:14:04,正常完成
331,101.226.125.114,,,,,160,2015-03-22 20:20:23,2015-03-22 20:23:15,正常完成
333,120.204.201.77,,,,,53,2015-03-22 20:31:03,2015-03-22 20:32:07,正常完成
335,115.168.77.68,,,,,59,2015-03-22 20:31:11,2015-03-22 20:33:16,正常完成
337,112.224.19.21,,,,,43,2015-03-22 20:32:24,2015-03-22 20:35:28,正常完成
339,112.224.19.21,,,,,148,2015-03-22 20:36:17,2015-03-22 20:37:20,正常完成
341,112.224.19.21,,,,,135,2015-03-22 20:37:50,2015-03-22 20:38:24,正常完成
343,142.162.238.60,,,,,72,2015-03-22 20:39:39,2015-03-22 20:41:10,正常完成
345,113.108.205.74,,,,,135,2015-03-22 20:40:18,2015-03-22 20:41:50,正常完成
347,142.162.238.60,,,,,65,2015-03-22 20:42:35,2015-03-22 20:43:24,正常完成
349,61.183.71.204,,,,,200,2015-03-22 20:44:52,2015-03-22 20:47:11,正常完成
351,117.43.193.131,,,,,162,2015-03-22 20:47:17,2015-03-22 20:49:38,正常完成
353,27.17.149.108,,,,,56,2015-03-22 20:53:54,2015-03-22 20:55:28,正常完成
355,117.136.77.109,,,,,165,2015-03-22 20:55:26,2015-03-22 20:56:07,正常完成
357,182.41.131.107,,,,,165,2015-03-22 21:01:12,2015-03-22 21:03:06,正常完成
359,61.164.116.179,,,,,176,2015-03-22 21:02:46,2015-03-22 21:04:24,正常完成
361,123.151.139.156,,,,,164,2015-03-22 21:05:45,2015-03-22 21:06:43,正常完成
363,219.146.245.7,,,,,30,2015-03-22 21:07:05,2015-03-22 21:08:08,正常完成
365,115.231.85.16,,,,,159,2015-03-22 21:12:58,2015-03-22 21:13:58,正常完成
367,111.198.253.189,,,,,120,2015-03-22 21:15:39,2015-03-22 21:16:51,正常完成
369,115.24.195.69,,,,,153,2015-03-22 21:21:46,2015-03-22 21:23:16,正常完成
371,101.226.125.117,,,,,194,2015-03-22 21:26:03,2015-03-22 21:27:56,正常完成
373,101.226.125.108,,,,,131,2015-03-22 21:25:52,2015-03-22 21:28:51,正常完成
375,70.173.143.101,,,,,56,2015-03-22 21:31:18,2015-03-22 21:31:52,正常完成
377,99.192.10.93,,,,,46,2015-03-22 21:31:37,2015-03-22 21:33:44,正常完成
379,70.173.143.101,,,,,32,2015-03-22 21:33:24,2015-03-22 21:34:33,正常完成
381,27.211.247.61,,,,,165,2015-03-22 21:36:21,2015-03-22 21:37:22,正常完成
383,49.74.149.16,,,,,175,2015-03-22 21:35:49,2015-03-22 21:38:18,正常完成
385,182.131.10.30,,,,,177,2015-03-22 21:38:35,2015-03-22 21:39:27,正常完成
387,122.194.13.254,,,,,161,2015-03-22 21:37:16,2015-03-22 21:40:41,正常完成
389,101.226.61.186,,,,,161,2015-03-22 21:43:46,2015-03-22 21:44:48,正常完成
391,223.104.3.161,,,,,32,2015-03-22 21:38:46,2015-03-22 21:48:54,正常完成
393,101.226.61.181,,,,,156,2015-03-22 21:50:13,2015-03-22 21:52:55,正常完成
395,182.131.12.11,,,,,161,2015-03-22 21:55:03,2015-03-22 21:59:12,正常完成
397,182.140.184.88,,,,,147,2015-03-22 21:59:08,2015-03-22 22:02:26,正常完成
399,101.226.125.108,,,,,164,2015-03-22 22:02:43,2015-03-22 22:07:26,正常完成
401,223.85.132.24,,,,,52,2015-03-22 22:07:19,2015-03-22 22:09:43,正常完成
403,223.85.132.35,,,,,147,2015-03-22 22:10:32,2015-03-22 22:11:16,正常完成
405,111.161.57.49,,,,,48,2015-03-22 22:13:54,2015-03-22 22:14:46,正常完成
407,123.151.176.198,,,,,73,2015-03-22 22:14:52,2015-03-22 22:16:11,正常完成
409,101.226.125.115,,,,,72,2015-03-22 22:17:19,2015-03-22 22:19:03,正常完成
411,111.31.242.54,,,,,179,2015-03-22 22:17:32,2015-03-22 22:20:55,正常完成
413,117.136.5.77,,,,,58,2015-03-22 22:25:12,2015-03-22 22:28:24,正常完成
415,14.17.37.146,,,,,60,2015-03-22 22:31:17,2015-03-22 22:32:46,正常完成
417,106.39.255.189,,,,,32,2015-03-22 22:32:13,2015-03-22 22:33:10,正常完成
419,14.17.37.68,,,,,61,2015-03-22 22:33:10,2015-03-22 22:34:52,正常完成
421,113.84.216.60,,,,,172,2015-03-22 22:32:41,2015-03-22 22:36:46,正常完成
423,182.131.10.29,,,,,142,2015-03-22 22:43:16,2015-03-22 22:44:49,正常完成
425,221.0.161.192,,,,,150,2015-03-22 22:49:55,2015-03-22 22:53:16,正常完成
427,123.151.176.198,,,,,48,2015-03-22 22:55:17,2015-03-22 22:56:01,正常完成
429,115.168.77.68,,,,,129,2015-03-22 23:00:06,2015-03-22 23:02:42,正常完成
431,123.113.45.111,,,,,38,2015-03-22 23:04:55,2015-03-22 23:07:27,正常完成
433,123.233.177.122,,,,,126,2015-03-22 23:10:11,2015-03-22 23:11:23,正常完成
435,39.184.237.138,,,,,152,2015-03-22 23:14:34,2015-03-22 23:16:28,正常完成
437,117.136.54.10,,,,,35,2015-03-22 23:37:57,2015-03-22 23:39:47,正常完成
439,47.55.241.252,,,,,170,2015-03-22 23:39:28,2015-03-22 23:44:53,正常完成
441,49.77.138.110,,,,,149,2015-03-23 00:02:03,2015-03-23 00:04:07,正常完成
443,112.13.232.188,,,,,155,2015-03-23 00:03:27,2015-03-23 00:06:07,正常完成
445,117.114.129.44,,,,,135,2015-03-23 00:08:46,2015-03-23 00:12:59,正常完成
447,172.56.6.78,,,,,66,2015-03-23 00:29:55,2015-03-23 00:33:07,正常完成
449,183.60.52.5,,,,,47,2015-03-23 00:36:16,2015-03-23 00:37:10,正常完成
451,183.60.52.5,,,,,153,2015-03-23 00:38:47,2015-03-23 00:39:28,正常完成
453,183.61.33.74,,,,,81,2015-03-23 00:39:07,2015-03-23 00:41:32,正常完成
455,14.17.37.145,,,,,59,2015-03-23 00:43:21,2015-03-23 00:46:23,正常完成
457,14.17.37.145,,,,,36,2015-03-23 00:46:49,2015-03-23 00:47:27,正常完成
459,117.136.11.77,,,,,156,2015-03-23 00:48:14,2015-03-23 00:48:48,正常完成
461,183.60.52.5,,,,,67,2015-03-23 00:50:19,2015-03-23 00:51:07,正常完成
463,183.61.32.59,,,,,139,2015-03-23 01:06:40,2015-03-23 01:08:36,正常完成
465,125.77.120.19,,,,,158,2015-03-23 01:30:30,2015-03-23 01:32:22,正常完成
467,117.175.88.50,,,,,128,2015-03-23 01:50:25,2015-03-23 01:53:50,正常完成
469,166.170.5.65,,,,,159,2015-03-23 03:27:47,2015-03-23 03:29:40,正常完成
471,120.210.181.107,,,,,180,2015-03-23 06:16:52,2015-03-23 06:19:52,正常完成
473,115.24.200.17,,,,,138,2015-03-23 07:46:53,2015-03-23 07:48:49,正常完成
475,47.55.212.57,,,,,164,2015-03-23 07:53:49,2015-03-23 07:56:26,正常完成
477,117.136.80.133,,,,,63,2015-03-23 07:57:05,2015-03-23 07:58:52,正常完成
479,117.136.80.55,,,,,155,2015-03-23 07:56:12,2015-03-23 07:59:08,正常完成
481,125.46.100.190,,,,,49,2015-03-23 07:59:28,2015-03-23 08:02:04,正常完成
483,142.177.216.158,,,,,58,2015-03-23 08:25:39,2015-03-23 08:26:16,正常完成
485,223.82.103.68,,,,,161,2015-03-23 08:33:33,2015-03-23 08:35:47,正常完成
487,223.82.103.68,,,,,156,2015-03-23 08:36:09,2015-03-23 08:38:10,正常完成
489,142.177.216.158,,,,,73,2015-03-23 08:48:19,2015-03-23 08:49:05,正常完成
491,180.153.201.35,,,,,161,2015-03-23 09:07:36,2015-03-23 09:09:48,正常完成
493,121.204.227.31,,,,,181,2015-03-23 09:25:43,2015-03-23 09:27:16,正常完成
495,14.17.37.145,,,,,152,2015-03-23 09:37:13,2015-03-23 09:40:42,正常完成
497,59.46.74.117,,,,,145,2015-03-23 09:54:58,2015-03-23 09:57:13,正常完成
499,220.249.162.120,,,,,47,2015-03-23 09:57:34,2015-03-23 09:59:20,正常完成
501,117.136.11.80,,,,,146,2015-03-23 10:03:11,2015-03-23 10:05:23,正常完成
503,183.252.52.112,,,,,155,2015-03-23 10:07:26,2015-03-23 10:08:27,正常完成
505,101.226.61.142,,,,,85,2015-03-23 10:08:49,2015-03-23 10:12:23,正常完成
507,112.96.115.109,,,,,55,2015-03-23 10:22:50,2015-03-23 10:25:46,正常完成
509,112.96.115.109,,,,,58,2015-03-23 10:48:50,2015-03-23 10:49:27,正常完成
511,123.151.139.156,,,,,75,2015-03-23 11:14:24,2015-03-23 11:17:18,正常完成
513,120.236.149.48,,,,,164,2015-03-23 11:00:07,2015-03-23 11:21:48,正常完成
515,117.175.88.50,,,,,38,2015-03-23 11:25:32,2015-03-23 11:26:44,正常完成
517,183.250.211.98,,,,,176,2015-03-23 11:42:19,2015-03-23 11:44:13,正常完成
519,124.161.23.11,,,,,164,2015-03-23 12:29:34,2015-03-23 12:32:13,正常完成
521,14.17.37.145,,,,,182,2015-03-23 12:51:30,2015-03-23 12:52:32,正常完成
523,175.155.112.40,,,,,140,2015-03-23 12:53:29,2015-03-23 12:55:28,正常完成
525,122.4.59.147,,,,,106,2015-03-23 13:12:00,2015-03-23 13:13:59,正常完成
527,101.226.61.142,,,,,134,2015-03-23 13:29:03,2015-03-23 13:31:32,正常完成
529,123.151.38.94,,,,,140,2015-03-23 13:45:59,2015-03-23 13:47:53,正常完成
531,172.248.95.37,,,,,194,2015-03-23 13:57:12,2015-03-23 13:59:38,正常完成
533,121.207.158.132,,,,,160,2015-03-23 14:27:15,2015-03-23 14:30:21,正常完成
535,115.168.76.178,,,,,47,2015-03-23 14:36:19,2015-03-23 14:39:29,正常完成
537,27.149.129.216,,,,,47,2015-03-23 14:39:54,2015-03-23 14:40:17,正常完成
539,27.149.129.216,,,,,117,2015-03-23 14:41:01,2015-03-23 14:41:26,正常完成
541,172.248.95.37,,,,,126,2015-03-23 14:42:30,2015-03-23 14:43:06,正常完成
543,47.55.237.69,,,,,59,2015-03-23 15:27:03,2015-03-23 15:28:44,正常完成
545,14.17.37.162,,,,,147,2015-03-23 16:21:50,2015-03-23 16:23:41,正常完成
547,14.17.37.145,,,,,163,2015-03-23 17:25:19,2015-03-23 17:26:35,正常完成
549,111.161.57.31,,,,,163,2015-03-23 17:50:37,2015-03-23 17:52:23,正常完成
551,112.224.67.223,,,,,35,2015-03-23 17:51:04,2015-03-23 17:59:22,正常完成
553,80.215.193.97,,,,,171,2015-03-23 18:04:19,2015-03-23 18:06:02,正常完成
555,223.81.192.34,,,,,171,2015-03-23 18:04:57,2015-03-23 18:08:40,正常完成
557,89.81.6.228,,,,,146,2015-03-23 18:29:20,2015-03-23 18:31:32,正常完成
559,218.58.78.117,,,,,51,2015-03-23 18:37:09,2015-03-23 18:38:28,正常完成
561,80.215.160.169,,,,,117,2015-03-23 18:37:54,2015-03-23 18:39:52,正常完成
563,88.161.244.214,,,,,173,2015-03-23 18:40:38,2015-03-23 18:42:36,正常完成
565,119.165.218.60,,,,,191,2015-03-23 19:02:20,2015-03-23 19:04:28,正常完成
567,90.15.14.44,,,,,78,2015-03-23 19:20:14,2015-03-23 19:21:48,正常完成
569,90.15.14.44,,,,,55,2015-03-23 19:22:59,2015-03-23 19:24:12,正常完成
571,123.151.153.36,,,,,65,2015-03-23 19:46:53,2015-03-23 19:48:23,正常完成
573,106.38.217.71,,,,,26,2015-03-23 19:55:43,2015-03-23 19:57:22,正常完成
575,101.226.125.120,,,,,22,2015-03-23 19:57:30,2015-03-23 19:58:00,正常完成
577,223.104.2.213,,,,,87,2015-03-23 19:56:03,2015-03-23 19:58:29,正常完成
579,211.137.185.73,,,,,159,2015-03-23 19:57:33,2015-03-23 19:59:14,正常完成
581,123.151.42.47,,,,,141,2015-03-23 19:58:29,2015-03-23 20:01:03,正常完成
583,123.235.229.111,,,,,46,2015-03-23 20:00:28,2015-03-23 20:03:47,正常完成
585,123.235.229.111,,,,,40,2015-03-23 20:08:40,2015-03-23 20:09:24,正常完成
587,140.75.250.55,,,,,61,2015-03-23 20:15:52,2015-03-23 20:17:31,正常完成
589,123.235.143.130,,,,,123,2015-03-23 20:19:11,2015-03-23 20:19:55,正常完成
591,183.195.233.181,,,,,165,2015-03-23 20:20:38,2015-03-23 20:21:22,正常完成
593,101.226.61.184,,,,,49,2015-03-23 20:29:19,2015-03-23 20:30:01,正常完成
595,182.131.10.30,,,,,61,2015-03-23 21:01:14,2015-03-23 21:03:43,正常完成
597,123.234.46.54,,,,,69,2015-03-23 21:17:46,2015-03-23 21:19:23,正常完成
599,221.3.54.164,,,,,70,2015-03-23 21:20:06,2015-03-23 21:21:29,正常完成
601,106.38.217.71,,,,,26,2015-03-23 21:23:23,2015-03-23 21:23:59,正常完成
603,221.0.237.128,,,,,165,2015-03-23 21:30:25,2015-03-23 21:31:04,正常完成
605,193.48.136.26,,,,,75,2015-03-23 21:37:59,2015-03-23 21:39:58,正常完成
607,120.196.211.151,,,,,166,2015-03-23 21:53:47,2015-03-23 21:56:01,正常完成
609,120.204.200.83,,,,,42,2015-03-23 22:37:27,2015-03-23 22:38:32,正常完成
611,117.136.75.88,,,,,129,2015-03-23 23:15:20,2015-03-23 23:17:27,正常完成
613,134.153.101.240,,,,,70,2015-03-24 03:45:47,2015-03-24 03:46:39,正常完成
615,142.177.216.158,,,,,152,2015-03-24 06:21:17,2015-03-24 06:21:44,正常完成
617,80.215.130.199,,,,,180,2015-03-24 07:21:36,2015-03-24 07:24:13,正常完成
619,90.15.14.44,,,,,63,2015-03-24 07:28:34,2015-03-24 07:29:24,正常完成
621,101.226.69.112,,,,,128,2015-03-24 07:42:58,2015-03-24 07:44:49,正常完成
623,218.201.151.43,,,,,192,2015-03-24 11:20:38,2015-03-24 11:23:04,正常完成
625,223.104.6.204,,,,,173,2015-03-24 11:34:05,2015-03-24 11:36:20,正常完成
627,112.233.0.79,,,,,179,2015-03-24 15:14:43,2015-03-24 15:17:21,正常完成
629,115.168.77.68,,,,,49,2015-03-24 21:22:41,2015-03-24 21:26:03,正常完成
631,14.18.235.164,,,,,150,2015-03-25 00:40:49,2015-03-25 00:42:09,正常完成
633,115.149.7.173,,,,,154,2015-03-25 10:00:27,2015-03-25 10:03:10,正常完成
635,58.194.168.177,,,,,58,2015-03-25 20:03:04,2015-03-25 20:05:57,正常完成
637,180.169.34.2,,,,,20,2015-03-26 16:28:23,2015-03-26 16:30:20,正常完成
639,180.169.34.2,,,,,61,2015-03-26 16:32:59,2015-03-26 16:33:42,正常完成
641,60.209.210.139,,,,,153,2015-03-26 16:49:41,2015-03-26 16:51:59,正常完成
643,211.137.199.3,,,,,157,2015-03-27 06:31:10,2015-03-27 06:47:24,正常完成
645,106.120.232.231,,,,,32,2015-03-27 13:41:17,2015-03-27 13:42:02,正常完成
647,142.177.216.158,,,,,146,2015-03-27 20:29:58,2015-03-27 20:31:45,正常完成
649,142.177.216.158,,,,,193,2015-03-27 20:49:12,2015-03-27 20:50:00,正常完成
651,142.177.216.158,,,,,90,2015-03-27 20:52:53,2015-03-27 20:54:12,正常完成
653,118.211.50.231,,,,,145,2015-03-27 21:05:31,2015-03-27 21:06:46,正常完成
655,118.211.50.231,,,,,145,2015-03-27 21:07:42,2015-03-27 21:08:15,正常完成
657,14.203.0.218,,,,,44,2015-03-27 21:08:00,2015-03-27 21:09:05,正常完成
659,14.203.46.49,,,,,149,2015-03-27 21:13:52,2015-03-27 21:15:02,正常完成
661,60.240.180.96,,,,,188,2015-03-27 21:11:12,2015-03-27 21:37:13,正常完成
663,43.250.200.7,,,,,141,2015-03-27 21:37:57,2015-03-27 21:39:36,正常完成
665,122.5.51.150,,,,,181,2015-03-27 21:44:48,2015-03-27 21:47:01,正常完成
667,123.151.42.48,,,,,176,2015-03-27 21:44:58,2015-03-27 21:47:55,正常完成
669,123.151.153.35,,,,,156,2015-03-27 21:44:39,2015-03-27 21:48:01,正常完成
671,112.225.227.186,,,,,182,2015-03-27 21:47:41,2015-03-27 21:48:56,正常完成
673,101.226.125.15,,,,,45,2015-03-27 21:47:45,2015-03-27 21:49:35,正常完成
675,24.72.33.11,,,,,83,2015-03-27 21:47:33,2015-03-27 21:50:51,正常完成
677,101.226.69.109,,,,,64,2015-03-27 21:49:06,2015-03-27 21:51:50,正常完成
679,101.226.61.189,,,,,163,2015-03-27 21:52:52,2015-03-27 21:54:32,正常完成
681,114.94.224.192,,,,,169,2015-03-27 21:57:35,2015-03-27 21:58:51,正常完成
683,112.230.139.202,,,,,149,2015-03-27 21:57:34,2015-03-27 22:00:07,正常完成
685,61.153.153.167,,,,,158,2015-03-27 22:03:39,2015-03-27 22:04:22,正常完成
687,115.231.85.5,,,,,175,2015-03-27 22:02:45,2015-03-27 22:04:38,正常完成
689,61.149.151.120,,,,,38,2015-03-27 22:03:25,2015-03-27 22:05:23,正常完成
691,123.151.139.155,,,,,176,2015-03-27 22:03:46,2015-03-27 22:05:53,正常完成
693,117.81.147.110,,,,,170,2015-03-27 22:04:00,2015-03-27 22:07:23,正常完成
695,117.81.20.14,,,,,188,2015-03-27 22:07:06,2015-03-27 22:09:05,正常完成
697,113.200.85.102,,,,,159,2015-03-27 22:08:34,2015-03-27 22:10:25,正常完成
699,123.171.237.29,,,,,143,2015-03-27 22:10:32,2015-03-27 22:12:22,正常完成
701,221.215.141.38,,,,,174,2015-03-27 22:11:56,2015-03-27 22:13:43,正常完成
703,123.151.42.47,,,,,49,2015-03-27 22:13:42,2015-03-27 22:14:37,正常完成
705,123.165.221.62,,,,,149,2015-03-27 22:13:26,2015-03-27 22:15:04,正常完成
707,36.45.33.170,,,,,189,2015-03-27 22:13:11,2015-03-27 22:15:09,正常完成
709,113.247.238.162,,,,,161,2015-03-27 22:13:37,2015-03-27 22:15:18,正常完成
711,113.4.199.253,,,,,129,2015-03-27 22:13:16,2015-03-27 22:15:26,正常完成
713,111.161.57.49,,,,,162,2015-03-27 22:15:35,2015-03-27 22:16:44,正常完成
715,123.151.64.142,,,,,143,2015-03-27 22:14:51,2015-03-27 22:17:20,正常完成
717,1.84.205.223,,,,,141,2015-03-27 22:16:40,2015-03-27 22:18:11,正常完成
719,123.151.153.36,,,,,175,2015-03-27 22:16:18,2015-03-27 22:18:46,正常完成
721,111.161.57.49,,,,,34,2015-03-27 22:18:20,2015-03-27 22:19:23,正常完成
723,123.151.64.142,,,,,169,2015-03-27 22:16:48,2015-03-27 22:19:55,正常完成
725,106.40.11.95,,,,,174,2015-03-27 22:18:01,2015-03-27 22:20:11,正常完成
727,222.85.8.127,,,,,29,2015-03-27 22:19:02,2015-03-27 22:20:44,正常完成
729,42.103.127.58,,,,,58,2015-03-27 22:17:39,2015-03-27 22:21:07,正常完成
731,123.151.139.155,,,,,166,2015-03-27 22:18:17,2015-03-27 22:22:30,正常完成
733,112.36.49.200,,,,,169,2015-03-27 22:20:16,2015-03-27 22:23:11,正常完成
735,117.136.30.87,,,,,138,2015-03-27 22:22:04,2015-03-27 22:23:41,正常完成
737,175.169.127.114,,,,,174,2015-03-27 22:21:30,2015-03-27 22:23:59,正常完成
739,218.202.111.42,,,,,53,2015-03-27 22:21:33,2015-03-27 22:24:06,正常完成
741,123.151.42.46,,,,,149,2015-03-27 22:23:45,2015-03-27 22:24:20,正常完成
743,119.4.252.99,,,,,142,2015-03-27 22:23:53,2015-03-27 22:24:37,正常完成
745,59.172.165.158,,,,,182,2015-03-27 22:22:16,2015-03-27 22:24:55,正常完成
747,123.151.153.36,,,,,153,2015-03-27 22:23:44,2015-03-27 22:25:29,正常完成
749,221.215.190.105,,,,,175,2015-03-27 22:24:14,2015-03-27 22:25:33,正常完成
751,42.103.127.58,,,,,54,2015-03-27 22:24:44,2015-03-27 22:25:51,正常完成
753,106.38.202.210,,,,,181,2015-03-27 22:24:43,2015-03-27 22:27:15,正常完成
755,183.195.232.37,,,,,197,2015-03-27 22:26:05,2015-03-27 22:27:53,正常完成
757,223.104.2.195,,,,,37,2015-03-27 22:26:33,2015-03-27 22:28:43,正常完成
759,123.151.12.154,,,,,151,2015-03-27 22:20:59,2015-03-27 22:29:14,正常完成
761,123.151.174.37,,,,,153,2015-03-27 22:27:28,2015-03-27 22:29:34,正常完成
763,218.202.111.43,,,,,42,2015-03-27 22:29:20,2015-03-27 22:29:45,正常完成
765,123.151.42.46,,,,,61,2015-03-27 22:29:12,2015-03-27 22:29:53,正常完成
767,218.202.111.42,,,,,57,2015-03-27 22:28:14,2015-03-27 22:30:46,正常完成
769,123.151.42.52,,,,,32,2015-03-27 22:29:20,2015-03-27 22:30:51,正常完成
771,123.151.42.47,,,,,163,2015-03-27 22:28:57,2015-03-27 22:31:31,正常完成
773,121.57.186.22,,,,,135,2015-03-27 22:30:23,2015-03-27 22:31:52,正常完成
775,123.151.12.152,,,,,152,2015-03-27 22:29:12,2015-03-27 22:32:20,正常完成
777,218.202.111.34,,,,,40,2015-03-27 22:31:47,2015-03-27 22:32:29,正常完成
779,123.151.42.49,,,,,185,2015-03-27 22:26:59,2015-03-27 22:32:55,正常完成
781,1.26.221.86,,,,,161,2015-03-27 22:28:02,2015-03-27 22:33:15,正常完成
783,218.202.111.34,,,,,164,2015-03-27 22:31:10,2015-03-27 22:33:47,正常完成
785,222.74.69.66,,,,,164,2015-03-27 22:31:56,2015-03-27 22:33:58,正常完成
787,123.151.139.155,,,,,76,2015-03-27 22:32:40,2015-03-27 22:34:26,正常完成
789,106.35.137.239,,,,,137,2015-03-27 22:32:20,2015-03-27 22:34:31,正常完成
791,123.151.42.50,,,,,175,2015-03-27 22:32:47,2015-03-27 22:34:59,正常完成
793,223.104.3.200,,,,,129,2015-03-27 22:28:47,2015-03-27 22:35:20,正常完成
795,123.151.42.47,,,,,150,2015-03-27 22:33:44,2015-03-27 22:35:56,正常完成
797,221.206.115.182,,,,,157,2015-03-27 22:34:20,2015-03-27 22:36:18,正常完成
799,219.146.67.200,,,,,138,2015-03-27 22:35:12,2015-03-27 22:37:06,正常完成
801,123.235.230.192,,,,,77,2015-03-27 22:36:19,2015-03-27 22:37:32,正常完成
803,123.235.230.192,,,,,84,2015-03-27 22:38:46,2015-03-27 22:39:46,正常完成
805,113.5.2.38,,,,,152,2015-03-27 22:38:34,2015-03-27 22:40:48,正常完成
807,111.37.1.55,,,,,153,2015-03-27 22:39:36,2015-03-27 22:43:07,正常完成
809,123.151.12.154,,,,,174,2015-03-27 22:41:03,2015-03-27 22:43:13,正常完成
811,121.57.184.91,,,,,76,2015-03-27 22:43:27,2015-03-27 22:44:06,正常完成
813,101.226.125.113,,,,,182,2015-03-27 22:43:07,2015-03-27 22:45:26,正常完成
815,218.202.111.34,,,,,184,2015-03-27 22:40:35,2015-03-27 22:45:43,正常完成
817,42.100.7.121,,,,,182,2015-03-27 22:43:36,2015-03-27 22:46:19,正常完成
819,101.226.125.109,,,,,183,2015-03-27 22:44:27,2015-03-27 22:47:23,正常完成
821,115.202.232.110,,,,,170,2015-03-27 22:46:08,2015-03-27 22:48:37,正常完成
823,116.114.7.47,,,,,170,2015-03-27 22:46:52,2015-03-27 22:48:59,正常完成
825,121.31.254.44,,,,,41,2015-03-27 22:47:47,2015-03-27 22:49:47,正常完成
827,219.146.67.199,,,,,162,2015-03-27 22:48:31,2015-03-27 22:50:27,正常完成
829,123.151.42.57,,,,,158,2015-03-27 22:47:12,2015-03-27 22:51:25,正常完成
831,123.151.38.94,,,,,184,2015-03-27 22:46:43,2015-03-27 22:51:46,正常完成
833,123.151.38.94,,,,,161,2015-03-27 22:52:19,2015-03-27 22:53:38,正常完成
835,123.151.42.47,,,,,144,2015-03-27 22:53:47,2015-03-27 22:55:37,正常完成
837,123.151.153.36,,,,,132,2015-03-27 22:55:11,2015-03-27 22:56:52,正常完成
839,101.86.10.218,,,,,170,2015-03-27 22:55:45,2015-03-27 22:57:41,正常完成
841,123.235.54.101,,,,,192,2015-03-27 22:55:25,2015-03-27 22:58:16,正常完成
843,101.226.125.113,,,,,143,2015-03-27 22:56:44,2015-03-27 22:58:30,正常完成
845,111.20.240.147,,,,,170,2015-03-27 22:57:55,2015-03-27 22:59:37,正常完成
847,113.124.6.80,,,,,168,2015-03-27 22:57:26,2015-03-27 23:00:24,正常完成
849,211.100.3.12,,,,,46,2015-03-27 22:59:49,2015-03-27 23:01:18,正常完成
851,111.161.57.49,,,,,160,2015-03-27 22:57:17,2015-03-27 23:01:47,正常完成
853,180.106.212.167,,,,,157,2015-03-27 23:01:43,2015-03-27 23:03:31,正常完成
855,123.151.176.198,,,,,161,2015-03-27 23:03:39,2015-03-27 23:05:33,正常完成
857,106.38.129.24,,,,,168,2015-03-27 23:04:37,2015-03-27 23:06:08,正常完成
859,221.11.61.34,,,,,55,2015-03-27 23:04:44,2015-03-27 23:06:42,正常完成
861,123.151.42.50,,,,,67,2015-03-27 23:06:11,2015-03-27 23:09:19,正常完成
863,113.5.2.44,,,,,158,2015-03-27 23:08:30,2015-03-27 23:09:44,正常完成
865,101.226.68.141,,,,,36,2015-03-27 23:07:44,2015-03-27 23:10:49,正常完成
867,123.116.114.81,,,,,183,2015-03-27 23:08:54,2015-03-27 23:11:28,正常完成
869,118.211.50.231,,,,,29,2015-03-27 23:10:48,2015-03-27 23:12:40,正常完成
871,117.88.19.177,,,,,152,2015-03-27 23:11:56,2015-03-27 23:13:09,正常完成
873,101.226.68.141,,,,,68,2015-03-27 23:11:55,2015-03-27 23:13:26,正常完成
875,113.5.2.33,,,,,149,2015-03-27 23:12:36,2015-03-27 23:14:31,正常完成
877,101.226.68.141,,,,,41,2015-03-27 23:14:49,2015-03-27 23:15:46,正常完成
879,219.134.109.214,,,,,50,2015-03-27 23:14:28,2015-03-27 23:16:02,正常完成
881,218.202.111.34,,,,,44,2015-03-27 23:14:04,2015-03-27 23:17:21,正常完成
883,123.151.42.50,,,,,17,2015-03-27 23:17:25,2015-03-27 23:18:09,正常完成
885,123.151.42.57,,,,,169,2015-03-27 23:15:10,2015-03-27 23:18:43,正常完成
887,111.161.57.31,,,,,162,2015-03-27 23:17:04,2015-03-27 23:20:01,正常完成
889,101.226.61.184,,,,,155,2015-03-27 23:18:20,2015-03-27 23:20:07,正常完成
891,1.183.18.32,,,,,29,2015-03-27 23:19:53,2015-03-27 23:20:34,正常完成
893,123.151.176.198,,,,,69,2015-03-27 23:20:16,2015-03-27 23:21:09,正常完成
895,49.77.142.156,,,,,156,2015-03-27 23:18:51,2015-03-27 23:21:17,正常完成
897,114.244.191.143,,,,,180,2015-03-27 23:20:56,2015-03-27 23:23:32,正常完成
899,122.96.18.7,,,,,182,2015-03-27 23:22:08,2015-03-27 23:23:44,正常完成
901,123.151.42.47,,,,,159,2015-03-27 23:23:38,2015-03-27 23:24:30,正常完成
903,101.226.61.184,,,,,138,2015-03-27 23:24:26,2015-03-27 23:25:12,正常完成
905,58.240.129.193,,,,,194,2015-03-27 23:23:25,2015-03-27 23:25:35,正常完成
907,122.96.43.102,,,,,52,2015-03-27 23:24:30,2015-03-27 23:26:25,正常完成
909,123.151.139.156,,,,,158,2015-03-27 23:24:13,2015-03-27 23:26:32,正常完成
911,110.17.170.90,,,,,78,2015-03-27 23:23:37,2015-03-27 23:27:20,正常完成
913,49.65.149.231,,,,,148,2015-03-27 23:27:06,2015-03-27 23:28:00,正常完成
915,101.36.71.2,,,,,85,2015-03-27 23:26:09,2015-03-27 23:28:29,正常完成
917,123.151.139.156,,,,,159,2015-03-27 23:26:10,2015-03-27 23:28:56,正常完成
919,27.196.170.136,,,,,178,2015-03-27 23:29:10,2015-03-27 23:30:20,正常完成
921,180.102.211.159,,,,,188,2015-03-27 23:28:10,2015-03-27 23:30:31,正常完成
923,123.151.153.36,,,,,149,2015-03-27 23:31:10,2015-03-27 23:33:29,正常完成
925,183.195.232.39,,,,,52,2015-03-27 23:31:21,2015-03-27 23:33:54,正常完成
927,219.146.67.199,,,,,162,2015-03-27 23:34:14,2015-03-27 23:34:52,正常完成
929,101.36.71.14,,,,,44,2015-03-27 23:36:27,2015-03-27 23:38:08,正常完成
931,123.151.64.143,,,,,166,2015-03-27 23:37:33,2015-03-27 23:40:21,正常完成
933,115.231.85.7,,,,,138,2015-03-27 23:41:32,2015-03-27 23:43:01,正常完成
935,101.226.114.166,,,,,195,2015-03-27 23:42:48,2015-03-27 23:45:12,正常完成
937,223.81.192.135,,,,,143,2015-03-27 23:44:58,2015-03-27 23:47:13,正常完成
939,101.226.125.19,,,,,46,2015-03-27 23:47:19,2015-03-27 23:49:09,正常完成
941,101.226.125.18,,,,,146,2015-03-27 23:48:51,2015-03-27 23:50:01,正常完成
943,111.161.57.31,,,,,40,2015-03-27 23:48:33,2015-03-27 23:51:34,正常完成
945,60.165.47.59,,,,,180,2015-03-27 23:50:32,2015-03-27 23:52:48,正常完成
947,218.202.111.34,,,,,184,2015-03-27 23:49:31,2015-03-27 23:54:18,正常完成
949,123.151.42.49,,,,,70,2015-03-27 23:52:59,2015-03-27 23:54:57,正常完成
951,123.151.42.47,,,,,169,2015-03-27 23:52:43,2015-03-27 23:56:00,正常完成
953,123.151.176.198,,,,,156,2015-03-27 23:56:45,2015-03-27 23:57:27,正常完成
955,101.226.89.193,,,,,167,2015-03-27 23:56:58,2015-03-28 00:00:22,正常完成
957,111.20.240.145,,,,,167,2015-03-27 23:57:38,2015-03-28 00:00:37,正常完成
959,101.226.89.191,,,,,152,2015-03-28 00:02:00,2015-03-28 00:03:34,正常完成
961,154.20.1.159,,,,,152,2015-03-28 00:01:54,2015-03-28 00:04:39,正常完成
963,112.95.158.178,,,,,150,2015-03-28 00:05:20,2015-03-28 00:07:43,正常完成
965,221.223.75.142,,,,,42,2015-03-28 00:09:03,2015-03-28 00:11:07,正常完成
967,112.224.69.22,,,,,66,2015-03-28 00:12:12,2015-03-28 00:14:33,正常完成
969,1.30.73.206,,,,,64,2015-03-28 00:11:01,2015-03-28 00:15:35,正常完成
971,58.212.186.252,,,,,49,2015-03-28 00:14:35,2015-03-28 00:16:25,正常完成
973,108.29.95.127,,,,,166,2015-03-28 00:17:02,2015-03-28 00:18:30,正常完成
975,111.161.57.31,,,,,62,2015-03-28 00:22:24,2015-03-28 00:25:32,正常完成
977,101.226.125.17,,,,,159,2015-03-28 00:23:05,2015-03-28 00:27:09,正常完成
979,180.99.107.88,,,,,72,2015-03-28 00:21:13,2015-03-28 00:30:09,正常完成
981,101.226.125.16,,,,,67,2015-03-28 00:29:24,2015-03-28 00:32:35,正常完成
983,111.161.57.31,,,,,50,2015-03-28 00:35:56,2015-03-28 00:37:07,正常完成
985,218.202.111.43,,,,,67,2015-03-28 00:37:33,2015-03-28 00:39:31,正常完成
987,202.108.169.254,,,,,48,2015-03-28 00:40:28,2015-03-28 00:42:10,正常完成
989,153.0.2.245,,,,,73,2015-03-28 00:43:12,2015-03-28 00:45:27,正常完成
991,101.254.143.74,,,,,127,2015-03-28 00:46:15,2015-03-28 00:49:25,正常完成
993,101.226.125.16,,,,,63,2015-03-28 00:48:01,2015-03-28 00:49:46,正常完成
995,111.161.57.31,,,,,150,2015-03-28 00:56:37,2015-03-28 00:59:08,正常完成
997,124.129.58.162,,,,,162,2015-03-28 00:58:21,2015-03-28 01:01:16,正常完成
999,114.224.52.130,,,,,47,2015-03-28 01:07:17,2015-03-28 01:09:06,正常完成
1001,60.223.254.131,,,,,138,2015-03-28 01:22:23,2015-03-28 01:27:49,正常完成
1003,1.183.18.32,,,,,26,2015-03-28 01:28:48,2015-03-28 01:29:50,正常完成
1005,175.167.128.140,,,,,147,2015-03-28 01:50:55,2015-03-28 01:52:45,正常完成
1007,134.153.170.208,,,,,59,2015-03-28 03:40:41,2015-03-28 03:41:52,正常完成
1009,101.226.61.190,,,,,146,2015-03-28 05:33:09,2015-03-28 05:35:18,正常完成
1011,49.65.73.223,,,,,187,2015-03-28 05:39:30,2015-03-28 05:41:47,正常完成
1013,218.202.111.34,,,,,145,2015-03-28 05:52:35,2015-03-28 05:54:47,正常完成
1015,218.202.111.34,,,,,150,2015-03-28 05:54:52,2015-03-28 05:56:49,正常完成
1017,101.226.61.142,,,,,17,2015-03-28 05:56:59,2015-03-28 05:58:54,正常完成
1019,60.209.197.138,,,,,64,2015-03-28 05:58:19,2015-03-28 06:00:20,正常完成
1021,124.202.190.54,,,,,159,2015-03-28 06:11:30,2015-03-28 06:14:12,正常完成
1023,175.167.144.200,,,,,64,2015-03-28 06:20:16,2015-03-28 06:22:35,正常完成
1025,180.153.201.35,,,,,147,2015-03-28 06:26:40,2015-03-28 06:28:25,正常完成
1027,122.96.131.106,,,,,52,2015-03-28 06:30:33,2015-03-28 06:32:15,正常完成
1029,36.45.32.93,,,,,173,2015-03-28 06:35:12,2015-03-28 06:37:31,正常完成
1031,101.226.125.121,,,,,36,2015-03-28 06:37:37,2015-03-28 06:39:54,正常完成
1033,112.224.65.13,,,,,169,2015-03-28 06:42:21,2015-03-28 06:44:23,正常完成
1035,101.226.61.181,,,,,149,2015-03-28 06:44:15,2015-03-28 06:46:51,正常完成
1037,218.201.174.94,,,,,193,2015-03-28 06:45:38,2015-03-28 06:48:48,正常完成
1039,101.36.72.171,,,,,20,2015-03-28 06:50:27,2015-03-28 06:51:41,正常完成
1041,117.136.45.138,,,,,155,2015-03-28 06:52:50,2015-03-28 06:54:17,正常完成
1043,123.151.139.156,,,,,29,2015-03-28 06:53:28,2015-03-28 06:56:27,正常完成
1045,121.237.166.166,,,,,183,2015-03-28 06:55:30,2015-03-28 06:57:42,正常完成
1047,39.65.3.65,,,,,60,2015-03-28 06:56:51,2015-03-28 06:59:00,正常完成
1049,101.226.125.16,,,,,156,2015-03-28 06:59:27,2015-03-28 07:01:10,正常完成
1051,117.136.35.26,,,,,93,2015-03-28 06:59:58,2015-03-28 07:02:13,正常完成
1053,101.226.125.18,,,,,152,2015-03-28 06:58:29,2015-03-28 07:03:22,正常完成
1055,117.136.35.26,,,,,38,2015-03-28 07:04:55,2015-03-28 07:05:31,正常完成
1057,117.136.45.38,,,,,139,2015-03-28 07:07:54,2015-03-28 07:08:23,正常完成
1059,117.136.5.147,,,,,164,2015-03-28 07:07:11,2015-03-28 07:10:23,正常完成
1061,101.226.125.118,,,,,176,2015-03-28 07:12:02,2015-03-28 07:13:11,正常完成
1063,111.161.79.110,,,,,177,2015-03-28 07:13:38,2015-03-28 07:16:10,正常完成
1065,101.226.68.141,,,,,165,2015-03-28 07:13:19,2015-03-28 07:16:46,正常完成
1067,183.61.32.61,,,,,50,2015-03-28 07:17:48,2015-03-28 07:19:21,正常完成
1069,180.98.182.156,,,,,184,2015-03-28 07:22:51,2015-03-28 07:24:41,正常完成
1071,175.167.128.158,,,,,81,2015-03-28 07:23:18,2015-03-28 07:25:08,正常完成
1073,123.151.42.50,,,,,161,2015-03-28 07:26:55,2015-03-28 07:28:13,正常完成
1075,117.114.148.70,,,,,180,2015-03-28 07:31:14,2015-03-28 07:32:08,正常完成
1077,101.226.125.109,,,,,144,2015-03-28 07:32:40,2015-03-28 07:34:39,正常完成
1079,218.57.118.35,,,,,132,2015-03-28 07:33:43,2015-03-28 07:35:18,正常完成
1081,111.161.57.49,,,,,81,2015-03-28 07:36:23,2015-03-28 07:37:07,正常完成
1083,202.108.49.73,,,,,165,2015-03-28 07:35:28,2015-03-28 07:37:53,正常完成
1085,123.151.42.47,,,,,132,2015-03-28 07:38:34,2015-03-28 07:40:32,正常完成
1087,101.226.125.15,,,,,165,2015-03-28 07:39:55,2015-03-28 07:42:23,正常完成
1089,180.111.102.133,,,,,179,2015-03-28 07:41:53,2015-03-28 07:43:39,正常完成
1091,122.96.47.9,,,,,149,2015-03-28 07:43:36,2015-03-28 07:45:12,正常完成
1093,101.226.61.142,,,,,46,2015-03-28 07:44:19,2015-03-28 07:48:43,正常完成
1095,223.73.2.135,,,,,145,2015-03-28 07:49:49,2015-03-28 07:51:19,正常完成
1097,103.3.99.56,,,,,129,2015-03-28 07:49:11,2015-03-28 07:52:16,正常完成
1099,110.89.142.33,,,,,147,2015-03-28 07:52:56,2015-03-28 07:54:28,正常完成
1101,117.89.10.50,,,,,50,2015-03-28 07:54:34,2015-03-28 07:56:45,正常完成
1103,124.236.192.244,,,,,75,2015-03-28 07:55:31,2015-03-28 07:57:47,正常完成
1105,218.87.111.173,,,,,57,2015-03-28 07:57:47,2015-03-28 07:59:07,正常完成
1107,123.151.64.142,,,,,26,2015-03-28 07:57:15,2015-03-28 07:59:23,正常完成
1109,111.161.57.49,,,,,176,2015-03-28 07:57:49,2015-03-28 08:00:33,正常完成
1111,101.226.114.166,,,,,57,2015-03-28 07:59:09,2015-03-28 08:01:43,正常完成
1113,101.226.125.16,,,,,42,2015-03-28 08:00:12,2015-03-28 08:02:26,正常完成
1115,113.5.2.47,,,,,173,2015-03-28 08:05:27,2015-03-28 08:07:32,正常完成
1117,101.226.89.14,,,,,40,2015-03-28 08:07:00,2015-03-28 08:08:51,正常完成
1119,58.240.251.109,,,,,159,2015-03-28 08:07:59,2015-03-28 08:09:34,正常完成
1121,123.180.161.166,,,,,165,2015-03-28 08:07:20,2015-03-28 08:09:58,正常完成
1123,112.224.69.176,,,,,43,2015-03-28 08:08:59,2015-03-28 08:10:59,正常完成
1125,101.226.125.119,,,,,151,2015-03-28 08:09:43,2015-03-28 08:12:00,正常完成
1127,222.74.69.66,,,,,158,2015-03-28 08:11:09,2015-03-28 08:12:46,正常完成
1129,101.226.125.119,,,,,177,2015-03-28 08:13:05,2015-03-28 08:16:00,正常完成
1131,180.111.195.76,,,,,195,2015-03-28 08:17:02,2015-03-28 08:19:10,正常完成
1133,101.226.114.166,,,,,42,2015-03-28 08:18:18,2015-03-28 08:20:44,正常完成
1135,101.226.125.108,,,,,60,2015-03-28 08:18:49,2015-03-28 08:21:07,正常完成
1137,182.140.184.88,,,,,151,2015-03-28 08:18:56,2015-03-28 08:21:36,正常完成
1139,117.136.41.31,,,,,167,2015-03-28 08:21:33,2015-03-28 08:23:55,正常完成
1141,61.164.116.181,,,,,164,2015-03-28 08:24:19,2015-03-28 08:27:30,正常完成
1143,101.226.125.118,,,,,159,2015-03-28 08:28:35,2015-03-28 08:29:50,正常完成
1145,123.151.42.57,,,,,65,2015-03-28 08:27:06,2015-03-28 08:30:13,正常完成
1147,223.104.13.140,,,,,158,2015-03-28 08:27:52,2015-03-28 08:30:49,正常完成
1149,123.151.64.142,,,,,151,2015-03-28 08:30:11,2015-03-28 08:32:31,正常完成
1151,124.236.192.244,,,,,100,2015-03-28 08:29:50,2015-03-28 08:32:59,正常完成
1153,101.226.125.108,,,,,151,2015-03-28 08:31:01,2015-03-28 08:34:10,正常完成
1155,123.151.42.46,,,,,173,2015-03-28 08:33:55,2015-03-28 08:35:59,正常完成
1157,113.9.194.25,,,,,143,2015-03-28 08:34:39,2015-03-28 08:36:53,正常完成
1159,123.151.153.35,,,,,72,2015-03-28 08:37:20,2015-03-28 08:38:41,正常完成
1161,101.226.125.15,,,,,74,2015-03-28 08:36:49,2015-03-28 08:39:15,正常完成
1163,123.165.20.97,,,,,186,2015-03-28 08:38:02,2015-03-28 08:39:43,正常完成
1165,115.231.85.15,,,,,39,2015-03-28 08:39:06,2015-03-28 08:40:29,正常完成
1167,123.151.42.50,,,,,154,2015-03-28 08:40:51,2015-03-28 08:41:43,正常完成
1169,101.226.125.120,,,,,160,2015-03-28 08:41:35,2015-03-28 08:43:52,正常完成
1171,101.226.125.121,,,,,142,2015-03-28 08:42:53,2015-03-28 08:44:42,正常完成
1173,218.202.111.43,,,,,148,2015-03-28 08:43:37,2015-03-28 08:45:38,正常完成
1175,101.226.61.184,,,,,147,2015-03-28 08:44:24,2015-03-28 08:46:16,正常完成
1177,58.212.37.143,,,,,65,2015-03-28 08:46:16,2015-03-28 08:47:40,正常完成
1179,218.202.111.43,,,,,179,2015-03-28 08:45:14,2015-03-28 08:48:52,正常完成
1181,218.56.248.214,,,,,143,2015-03-28 08:47:23,2015-03-28 08:49:43,正常完成
1183,223.104.20.232,,,,,184,2015-03-28 08:48:18,2015-03-28 08:50:42,正常完成
1185,123.113.100.217,,,,,169,2015-03-28 08:49:57,2015-03-28 08:51:46,正常完成
1187,101.226.61.186,,,,,64,2015-03-28 08:50:09,2015-03-28 08:52:35,正常完成
1189,180.99.126.21,,,,,175,2015-03-28 08:49:59,2015-03-28 08:53:02,正常完成
1191,113.108.11.50,,,,,135,2015-03-28 08:52:29,2015-03-28 08:53:37,正常完成
1193,117.136.9.167,,,,,17,2015-03-28 08:51:14,2015-03-28 08:53:58,正常完成
1195,223.104.20.232,,,,,182,2015-03-28 08:51:55,2015-03-28 08:54:34,正常完成
1197,139.203.117.140,,,,,155,2015-03-28 08:53:06,2015-03-28 08:55:14,正常完成
1199,101.226.125.122,,,,,46,2015-03-28 08:52:34,2015-03-28 08:55:33,正常完成
1201,218.202.111.42,,,,,158,2015-03-28 08:52:18,2015-03-28 08:55:43,正常完成
1203,123.167.4.47,,,,,184,2015-03-28 08:53:32,2015-03-28 08:56:41,正常完成
1205,101.226.125.121,,,,,80,2015-03-28 08:54:48,2015-03-28 08:58:52,正常完成
1207,180.153.81.159,,,,,191,2015-03-28 08:58:42,2015-03-28 09:01:18,正常完成
1209,121.56.47.135,,,,,156,2015-03-28 09:01:15,2015-03-28 09:02:56,正常完成
1211,101.226.89.14,,,,,170,2015-03-28 09:01:34,2015-03-28 09:04:44,正常完成
1213,61.164.116.180,,,,,176,2015-03-28 09:02:41,2015-03-28 09:05:03,正常完成
1215,101.226.102.237,,,,,27,2015-03-28 09:04:00,2015-03-28 09:05:43,正常完成
1217,218.202.111.43,,,,,70,2015-03-28 09:02:11,2015-03-28 09:05:50,正常完成
1219,112.224.65.54,,,,,141,2015-03-28 09:04:56,2015-03-28 09:06:35,正常完成
1221,123.151.176.198,,,,,153,2015-03-28 09:02:48,2015-03-28 09:07:24,正常完成
1223,112.224.67.73,,,,,152,2015-03-28 09:05:57,2015-03-28 09:08:21,正常完成
1225,111.161.57.49,,,,,41,2015-03-28 09:07:27,2015-03-28 09:09:38,正常完成
1227,81.110.52.119,,,,,138,2015-03-28 09:07:34,2015-03-28 09:10:38,正常完成
1229,139.211.157.11,,,,,135,2015-03-28 09:10:22,2015-03-28 09:11:49,正常完成
1231,101.80.244.88,,,,,170,2015-03-28 09:08:49,2015-03-28 09:12:04,正常完成
1233,221.215.89.10,,,,,65,2015-03-28 09:09:58,2015-03-28 09:12:33,正常完成
1235,222.129.197.176,,,,,158,2015-03-28 09:11:11,2015-03-28 09:13:31,正常完成
1237,61.155.233.2,,,,,43,2015-03-28 09:10:15,2015-03-28 09:13:49,正常完成
1239,101.226.125.121,,,,,184,2015-03-28 09:10:44,2015-03-28 09:13:55,正常完成
1241,81.110.52.119,,,,,126,2015-03-28 09:14:27,2015-03-28 09:14:50,正常完成
1243,124.205.254.8,,,,,197,2015-03-28 09:12:52,2015-03-28 09:15:37,正常完成
1245,123.151.42.47,,,,,178,2015-03-28 09:12:39,2015-03-28 09:16:12,正常完成
1247,81.110.52.119,,,,,126,2015-03-28 09:16:07,2015-03-28 09:17:25,正常完成
1249,117.10.155.109,,,,,158,2015-03-28 09:12:16,2015-03-28 09:19:06,正常完成
1251,101.226.125.114,,,,,188,2015-03-28 09:16:44,2015-03-28 09:19:53,正常完成
1253,117.95.59.139,,,,,136,2015-03-28 09:18:55,2015-03-28 09:20:33,正常完成
1255,101.226.68.141,,,,,65,2015-03-28 09:18:44,2015-03-28 09:21:09,正常完成
1257,123.151.42.46,,,,,170,2015-03-28 09:18:50,2015-03-28 09:21:34,正常完成
1259,125.211.210.198,,,,,163,2015-03-28 09:21:56,2015-03-28 09:23:08,正常完成
1261,223.104.2.40,,,,,170,2015-03-28 09:21:37,2015-03-28 09:23:45,正常完成
1263,101.226.61.190,,,,,170,2015-03-28 09:21:30,2015-03-28 09:24:18,正常完成
1265,117.95.59.139,,,,,147,2015-03-28 09:25:01,2015-03-28 09:25:45,正常完成
1267,112.224.65.28,,,,,167,2015-03-28 09:24:51,2015-03-28 09:27:18,正常完成
1269,101.226.114.166,,,,,168,2015-03-28 09:25:46,2015-03-28 09:27:43,正常完成
1271,116.230.249.81,,,,,66,2015-03-28 09:25:55,2015-03-28 09:29:04,正常完成
1273,113.108.11.50,,,,,123,2015-03-28 09:29:53,2015-03-28 09:30:37,正常完成
1275,123.151.42.57,,,,,56,2015-03-28 09:29:48,2015-03-28 09:31:05,正常完成
1277,101.226.89.193,,,,,164,2015-03-28 09:28:30,2015-03-28 09:31:40,正常完成
1279,117.136.19.107,,,,,189,2015-03-28 08:10:01,2015-03-28 09:32:33,正常完成
1281,101.226.125.108,,,,,52,2015-03-28 09:34:22,2015-03-28 09:35:24,正常完成
1283,101.226.125.121,,,,,52,2015-03-28 09:33:48,2015-03-28 09:36:08,正常完成
1285,221.209.115.186,,,,,59,2015-03-28 09:35:02,2015-03-28 09:37:08,正常完成
1287,106.125.175.60,,,,,57,2015-03-28 09:35:23,2015-03-28 09:37:51,正常完成
1289,222.74.228.13,,,,,149,2015-03-28 09:35:35,2015-03-28 09:38:47,正常完成
1291,106.40.5.89,,,,,61,2015-03-28 09:37:34,2015-03-28 09:39:10,正常完成
1293,101.226.61.189,,,,,195,2015-03-28 09:37:57,2015-03-28 09:41:15,正常完成
1295,223.104.3.142,,,,,158,2015-03-28 09:39:21,2015-03-28 09:42:02,正常完成
1297,123.121.39.99,,,,,164,2015-03-28 09:41:31,2015-03-28 09:42:47,正常完成
1299,117.136.77.96,,,,,42,2015-03-28 09:42:13,2015-03-28 09:43:44,正常完成
1301,112.253.20.94,,,,,38,2015-03-28 09:43:34,2015-03-28 09:44:34,正常完成
1303,123.151.42.49,,,,,162,2015-03-28 09:35:44,2015-03-28 09:47:30,正常完成
1305,219.147.31.74,,,,,176,2015-03-28 09:47:10,2015-03-28 09:48:16,正常完成
1307,223.104.9.88,,,,,188,2015-03-28 09:46:43,2015-03-28 09:48:40,正常完成
1309,101.226.89.193,,,,,173,2015-03-28 09:46:32,2015-03-28 09:50:15,正常完成
1311,111.127.81.42,,,,,159,2015-03-28 09:51:08,2015-03-28 09:53:05,正常完成
1313,101.226.125.108,,,,,150,2015-03-28 09:52:33,2015-03-28 09:54:30,正常完成
1315,117.136.9.247,,,,,70,2015-03-28 09:53:53,2015-03-28 09:54:48,正常完成
1317,101.226.125.115,,,,,157,2015-03-28 09:52:43,2015-03-28 09:55:05,正常完成
1319,117.136.77.117,,,,,49,2015-03-28 09:54:16,2015-03-28 09:56:03,正常完成
1321,123.151.64.142,,,,,183,2015-03-28 09:56:31,2015-03-28 09:57:24,正常完成
1323,101.226.89.191,,,,,155,2015-03-28 09:56:30,2015-03-28 09:58:13,正常完成
1325,112.229.161.200,,,,,77,2015-03-28 09:56:39,2015-03-28 09:58:22,正常完成
1327,101.226.125.109,,,,,163,2015-03-28 09:58:44,2015-03-28 09:59:49,正常完成
1329,114.221.17.143,,,,,189,2015-03-28 09:58:37,2015-03-28 10:00:49,正常完成
1331,117.114.142.15,,,,,172,2015-03-28 09:59:31,2015-03-28 10:01:36,正常完成
1333,140.246.121.6,,,,,50,2015-03-28 10:01:32,2015-03-28 10:04:01,正常完成
1335,113.5.2.47,,,,,153,2015-03-28 10:03:30,2015-03-28 10:05:24,正常完成
1337,124.205.254.33,,,,,178,2015-03-28 10:05:21,2015-03-28 10:05:50,正常完成
1339,119.166.46.166,,,,,159,2015-03-28 10:04:40,2015-03-28 10:06:41,正常完成
1341,113.5.2.12,,,,,71,2015-03-28 10:06:39,2015-03-28 10:08:29,正常完成
1343,123.150.208.163,,,,,153,2015-03-28 10:05:56,2015-03-28 10:08:54,正常完成
1345,101.226.125.16,,,,,153,2015-03-28 10:07:34,2015-03-28 10:09:28,正常完成
1347,112.224.65.78,,,,,137,2015-03-28 10:09:52,2015-03-28 10:11:39,正常完成
1349,175.167.146.54,,,,,158,2015-03-28 10:10:00,2015-03-28 10:12:04,正常完成
1351,42.184.235.47,,,,,36,2015-03-28 10:11:01,2015-03-28 10:13:01,正常完成
1353,101.226.125.18,,,,,53,2015-03-28 10:11:26,2015-03-28 10:13:35,正常完成
1355,101.36.71.46,,,,,52,2015-03-28 10:13:07,2015-03-28 10:15:06,正常完成
1357,111.161.57.31,,,,,140,2015-03-28 10:13:03,2015-03-28 10:15:32,正常完成
1359,101.226.61.184,,,,,155,2015-03-28 10:15:03,2015-03-28 10:16:44,正常完成
1361,101.226.61.193,,,,,153,2015-03-28 10:16:59,2015-03-28 10:19:45,正常完成
1363,106.110.173.43,,,,,71,2015-03-28 10:19:02,2015-03-28 10:20:59,正常完成
1365,125.77.120.85,,,,,161,2015-03-28 10:18:42,2015-03-28 10:22:17,正常完成
1367,111.40.194.153,,,,,177,2015-03-28 10:22:43,2015-03-28 10:24:23,正常完成
1369,221.226.37.2,,,,,53,2015-03-28 10:23:53,2015-03-28 10:25:23,正常完成
1371,123.151.42.47,,,,,152,2015-03-28 10:24:45,2015-03-28 10:26:26,正常完成
1373,101.226.125.120,,,,,154,2015-03-28 10:24:51,2015-03-28 10:26:47,正常完成
1375,222.95.188.230,,,,,171,2015-03-28 10:26:07,2015-03-28 10:27:18,正常完成
1377,101.226.125.116,,,,,155,2015-03-28 10:26:42,2015-03-28 10:28:21,正常完成
1379,218.202.111.42,,,,,171,2015-03-28 10:26:21,2015-03-28 10:29:59,正常完成
1381,101.226.125.117,,,,,41,2015-03-28 10:28:15,2015-03-28 10:30:04,正常完成
1383,183.60.52.227,,,,,165,2015-03-28 10:27:54,2015-03-28 10:30:12,正常完成
1385,219.133.40.16,,,,,129,2015-03-28 10:29:05,2015-03-28 10:30:53,正常完成
1387,101.226.125.117,,,,,56,2015-03-28 10:29:42,2015-03-28 10:31:45,正常完成
1389,180.153.81.159,,,,,44,2015-03-28 10:30:20,2015-03-28 10:34:00,正常完成
1391,101.226.125.117,,,,,17,2015-03-28 10:34:12,2015-03-28 10:34:39,正常完成
1393,222.171.7.69,,,,,75,2015-03-28 10:33:22,2015-03-28 10:36:56,正常完成
1395,101.226.125.16,,,,,147,2015-03-28 10:34:16,2015-03-28 10:37:18,正常完成
1397,101.226.125.115,,,,,153,2015-03-28 10:36:30,2015-03-28 10:39:00,正常完成
1399,111.127.216.10,,,,,37,2015-03-28 10:39:05,2015-03-28 10:41:22,正常完成
1401,101.226.125.113,,,,,182,2015-03-28 10:41:46,2015-03-28 10:43:06,正常完成
1403,111.40.194.154,,,,,167,2015-03-28 10:43:25,2015-03-28 10:44:39,正常完成
1405,183.61.32.60,,,,,170,2015-03-28 10:43:28,2015-03-28 10:45:23,正常完成
1407,101.226.125.113,,,,,159,2015-03-28 10:43:12,2015-03-28 10:46:33,正常完成
1409,36.48.102.232,,,,,166,2015-03-28 10:45:06,2015-03-28 10:47:43,正常完成
1411,14.17.37.146,,,,,154,2015-03-28 10:48:19,2015-03-28 10:50:05,正常完成
1413,101.226.125.113,,,,,141,2015-03-28 10:47:50,2015-03-28 10:51:04,正常完成
1415,211.162.33.57,,,,,162,2015-03-28 10:49:47,2015-03-28 10:51:25,正常完成
1417,61.164.116.182,,,,,132,2015-03-28 10:41:11,2015-03-28 10:52:01,正常完成
1419,123.151.139.156,,,,,71,2015-03-28 10:52:51,2015-03-28 10:54:04,正常完成
1421,182.140.184.88,,,,,155,2015-03-28 10:52:58,2015-03-28 10:54:38,正常完成
1423,36.48.102.232,,,,,166,2015-03-28 10:54:44,2015-03-28 10:55:33,正常完成
1425,58.21.76.40,,,,,149,2015-03-28 10:54:52,2015-03-28 10:56:09,正常完成
1427,117.136.45.144,,,,,159,2015-03-28 10:55:18,2015-03-28 10:57:10,正常完成
1429,117.136.77.126,,,,,31,2015-03-28 10:58:05,2015-03-28 10:59:48,正常完成
1431,14.17.37.143,,,,,65,2015-03-28 10:59:23,2015-03-28 11:00:44,正常完成
1433,223.104.8.167,,,,,50,2015-03-28 10:50:06,2015-03-28 11:02:14,正常完成
1435,223.104.3.197,,,,,152,2015-03-28 11:00:21,2015-03-28 11:04:19,正常完成
1437,101.226.61.190,,,,,168,2015-03-28 11:02:16,2015-03-28 11:04:57,正常完成
1439,113.5.2.33,,,,,29,2015-03-28 11:05:11,2015-03-28 11:05:46,正常完成
1441,123.151.42.50,,,,,155,2015-03-28 11:03:25,2015-03-28 11:06:05,正常完成
1443,171.223.148.108,,,,,144,2015-03-28 10:24:57,2015-03-28 11:06:26,正常完成
1445,101.226.68.141,,,,,67,2015-03-28 11:04:56,2015-03-28 11:06:31,正常完成
1447,175.163.246.85,,,,,41,2015-03-28 11:04:24,2015-03-28 11:06:41,正常完成
1449,219.143.8.242,,,,,156,2015-03-28 11:06:57,2015-03-28 11:09:24,正常完成
1451,111.37.8.242,,,,,141,2015-03-28 11:08:19,2015-03-28 11:09:51,正常完成
1453,111.161.57.31,,,,,134,2015-03-28 11:09:55,2015-03-28 11:11:47,正常完成
1455,101.226.125.119,,,,,150,2015-03-28 11:12:07,2015-03-28 11:13:19,正常完成
1457,58.212.83.59,,,,,183,2015-03-28 11:09:00,2015-03-28 11:13:26,正常完成
1459,101.224.16.67,,,,,66,2015-03-28 11:12:11,2015-03-28 11:14:32,正常完成
1461,61.164.116.182,,,,,63,2015-03-28 11:15:04,2015-03-28 11:16:59,正常完成
1463,218.202.111.34,,,,,168,2015-03-28 11:16:54,2015-03-28 11:18:44,正常完成
1465,121.56.47.135,,,,,66,2015-03-28 11:18:02,2015-03-28 11:20:43,正常完成
1467,222.71.12.91,,,,,65,2015-03-28 11:20:45,2015-03-28 11:22:58,正常完成
1469,123.151.42.52,,,,,68,2015-03-28 11:00:50,2015-03-28 11:23:32,正常完成
1471,101.226.125.117,,,,,77,2015-03-28 11:23:11,2015-03-28 11:25:36,正常完成
1473,1.183.18.32,,,,,29,2015-03-28 11:27:04,2015-03-28 11:28:37,正常完成
1475,1.183.18.32,,,,,29,2015-03-28 11:29:15,2015-03-28 11:30:08,正常完成
1477,101.226.125.18,,,,,76,2015-03-28 11:33:03,2015-03-28 11:35:46,正常完成
1479,101.226.125.18,,,,,178,2015-03-28 11:30:58,2015-03-28 11:36:20,正常完成
1481,111.37.1.26,,,,,186,2015-03-28 11:37:42,2015-03-28 11:39:47,正常完成
1483,112.80.140.17,,,,,170,2015-03-28 11:38:15,2015-03-28 11:40:01,正常完成
1485,218.202.111.42,,,,,160,2015-03-28 11:38:53,2015-03-28 11:42:44,正常完成
1487,175.17.84.10,,,,,126,2015-03-28 11:43:07,2015-03-28 11:44:53,正常完成
1489,180.153.81.159,,,,,166,2015-03-28 11:45:26,2015-03-28 11:47:14,正常完成
1491,123.151.42.57,,,,,153,2015-03-28 11:45:36,2015-03-28 11:49:51,正常完成
1493,218.202.111.34,,,,,146,2015-03-28 11:48:01,2015-03-28 11:52:02,正常完成
1495,180.159.194.84,,,,,166,2015-03-28 11:50:41,2015-03-28 11:52:32,正常完成
1497,106.39.110.8,,,,,185,2015-03-28 11:51:20,2015-03-28 11:53:30,正常完成
1499,101.226.61.186,,,,,124,2015-03-28 11:50:28,2015-03-28 11:54:18,正常完成
1501,117.136.5.157,,,,,43,2015-03-28 11:51:25,2015-03-28 11:54:51,正常完成
1503,101.226.125.115,,,,,166,2015-03-28 11:54:14,2015-03-28 11:57:39,正常完成
1505,101.226.61.193,,,,,147,2015-03-28 11:56:09,2015-03-28 11:58:41,正常完成
1507,106.39.110.21,,,,,174,2015-03-28 11:57:24,2015-03-28 11:59:43,正常完成
1509,122.96.31.14,,,,,157,2015-03-28 11:56:04,2015-03-28 12:00:45,正常完成
1511,120.23.0.194,,,,,163,2015-03-28 11:58:23,2015-03-28 12:02:29,正常完成
1513,101.226.61.189,,,,,145,2015-03-28 12:01:45,2015-03-28 12:03:51,正常完成
1515,202.229.231.81,,,,,158,2015-03-28 12:03:52,2015-03-28 12:04:40,正常完成
1517,123.151.139.155,,,,,135,2015-03-28 12:03:41,2015-03-28 12:05:05,正常完成
1519,124.127.123.60,,,,,169,2015-03-28 12:02:15,2015-03-28 12:05:15,正常完成
1521,222.74.69.66,,,,,140,2015-03-28 12:05:32,2015-03-28 12:06:58,正常完成
1523,111.40.194.149,,,,,55,2015-03-28 12:04:32,2015-03-28 12:08:10,正常完成
1525,101.226.61.186,,,,,55,2015-03-28 12:08:29,2015-03-28 12:09:56,正常完成
1527,101.226.61.190,,,,,124,2015-03-28 12:10:22,2015-03-28 12:11:15,正常完成
1529,182.106.195.53,,,,,161,2015-03-28 12:10:16,2015-03-28 12:12:41,正常完成
1531,101.226.114.166,,,,,176,2015-03-28 12:10:54,2015-03-28 12:13:50,正常完成
1533,101.226.61.190,,,,,43,2015-03-28 12:15:17,2015-03-28 12:15:54,正常完成
1535,111.196.17.166,,,,,158,2015-03-28 12:15:31,2015-03-28 12:16:47,正常完成
1537,123.151.12.152,,,,,171,2015-03-28 12:16:49,2015-03-28 12:19:19,正常完成
1539,183.61.32.59,,,,,153,2015-03-28 12:18:02,2015-03-28 12:20:39,正常完成
1541,111.196.248.193,,,,,61,2015-03-28 12:19:57,2015-03-28 12:21:32,正常完成
1543,123.151.176.198,,,,,41,2015-03-28 12:21:07,2015-03-28 12:22:28,正常完成
1545,125.211.39.160,,,,,34,2015-03-28 12:21:32,2015-03-28 12:23:37,正常完成
1547,61.164.116.182,,,,,150,2015-03-28 12:22:38,2015-03-28 12:24:34,正常完成
1549,101.226.125.15,,,,,87,2015-03-28 12:24:42,2015-03-28 12:26:03,正常完成
1551,123.151.38.94,,,,,168,2015-03-28 12:26:37,2015-03-28 12:28:10,正常完成
1553,101.226.125.115,,,,,59,2015-03-28 12:28:38,2015-03-28 12:29:20,正常完成
1555,101.226.89.191,,,,,184,2015-03-28 12:27:42,2015-03-28 12:29:50,正常完成
1557,180.153.81.159,,,,,166,2015-03-28 12:30:30,2015-03-28 12:31:17,正常完成
1559,123.151.42.50,,,,,172,2015-03-28 12:30:31,2015-03-28 12:31:34,正常完成
1561,106.40.14.53,,,,,63,2015-03-28 12:31:36,2015-03-28 12:33:21,正常完成
1563,223.104.4.137,,,,,166,2015-03-28 12:29:01,2015-03-28 12:34:14,正常完成
1565,218.202.111.34,,,,,177,2015-03-28 12:33:21,2015-03-28 12:37:10,正常完成
1567,106.39.222.105,,,,,44,2015-03-28 12:36:08,2015-03-28 12:37:50,正常完成
1569,113.76.211.161,,,,,168,2015-03-28 12:37:56,2015-03-28 12:39:40,正常完成
1571,218.202.111.42,,,,,143,2015-03-28 12:40:06,2015-03-28 12:42:15,正常完成
1573,1.189.209.162,,,,,152,2015-03-28 12:42:30,2015-03-28 12:44:47,正常完成
1575,111.127.69.212,,,,,164,2015-03-28 12:42:48,2015-03-28 12:46:38,正常完成
1577,223.78.115.6,,,,,173,2015-03-28 12:46:50,2015-03-28 12:47:53,正常完成
1579,180.99.142.42,,,,,55,2015-03-28 12:49:41,2015-03-28 12:51:27,正常完成
1581,101.226.125.115,,,,,151,2015-03-28 12:25:14,2015-03-28 12:54:40,正常完成
1583,120.20.11.79,,,,,47,2015-03-28 12:53:49,2015-03-28 12:56:00,正常完成
1585,120.20.11.79,,,,,160,2015-03-28 12:56:47,2015-03-28 12:57:44,正常完成
1587,120.20.11.79,,,,,59,2015-03-28 12:58:28,2015-03-28 13:01:21,正常完成
1589,123.151.153.36,,,,,168,2015-03-28 13:02:50,2015-03-28 13:04:25,正常完成
1591,180.98.5.244,,,,,44,2015-03-28 13:05:33,2015-03-28 13:06:57,正常完成
1593,101.226.61.189,,,,,159,2015-03-28 13:04:34,2015-03-28 13:07:01,正常完成
1595,101.36.72.172,,,,,49,2015-03-28 13:07:18,2015-03-28 13:08:38,正常完成
1597,117.136.45.152,,,,,169,2015-03-28 13:07:03,2015-03-28 13:09:36,正常完成
1599,112.225.32.243,,,,,61,2015-03-28 13:08:37,2015-03-28 13:11:47,正常完成
1601,218.202.111.34,,,,,173,2015-03-28 13:16:20,2015-03-28 13:19:29,正常完成
1603,49.74.254.197,,,,,47,2015-03-28 13:17:08,2015-03-28 13:19:31,正常完成
1605,123.151.12.154,,,,,161,2015-03-28 13:24:22,2015-03-28 13:26:44,正常完成
1607,111.126.198.241,,,,,41,2015-03-28 13:25:07,2015-03-28 13:27:25,正常完成
1609,111.126.198.241,,,,,135,2015-03-28 13:27:54,2015-03-28 13:28:46,正常完成
1611,61.159.87.97,,,,,169,2015-03-28 13:27:12,2015-03-28 13:30:05,正常完成
1613,14.17.37.143,,,,,52,2015-03-28 13:28:26,2015-03-28 13:30:16,正常完成
1615,218.202.111.42,,,,,147,2015-03-28 13:30:48,2015-03-28 13:32:48,正常完成
1617,119.163.82.220,,,,,72,2015-03-28 13:32:57,2015-03-28 13:35:23,正常完成
1619,61.164.116.185,,,,,178,2015-03-28 13:36:34,2015-03-28 13:38:38,正常完成
1621,123.151.42.47,,,,,48,2015-03-28 13:38:29,2015-03-28 13:41:26,正常完成
1623,218.202.111.42,,,,,73,2015-03-28 13:40:36,2015-03-28 13:43:06,正常完成
1625,175.17.196.119,,,,,126,2015-03-28 13:43:32,2015-03-28 13:46:21,正常完成
1627,101.226.125.119,,,,,152,2015-03-28 13:44:34,2015-03-28 13:47:25,正常完成
1629,117.136.75.78,,,,,32,2015-03-28 13:48:53,2015-03-28 13:51:09,正常完成
1631,117.136.45.151,,,,,123,2015-03-28 13:52:57,2015-03-28 13:54:15,正常完成
1633,117.136.45.151,,,,,117,2015-03-28 13:54:47,2015-03-28 13:55:25,正常完成
1635,14.17.37.145,,,,,129,2015-03-28 13:53:09,2015-03-28 13:56:17,正常完成
1637,112.224.21.252,,,,,29,2015-03-28 13:54:56,2015-03-28 13:57:16,正常完成
1639,117.136.45.129,,,,,32,2015-03-28 13:57:47,2015-03-28 13:58:15,正常完成
1641,101.226.125.113,,,,,139,2015-03-28 13:57:10,2015-03-28 13:59:39,正常完成
1643,180.102.221.71,,,,,63,2015-03-28 14:02:24,2015-03-28 14:03:21,正常完成
1645,101.226.69.112,,,,,65,2015-03-28 14:02:55,2015-03-28 14:05:10,正常完成
1647,117.136.45.155,,,,,36,2015-03-28 14:06:23,2015-03-28 14:07:19,正常完成
1649,123.151.139.155,,,,,143,2015-03-28 14:06:35,2015-03-28 14:10:49,正常完成
1651,111.127.148.91,,,,,169,2015-03-28 14:10:46,2015-03-28 14:12:18,正常完成
1653,113.120.92.237,,,,,168,2015-03-28 14:13:25,2015-03-28 14:16:06,正常完成
1655,123.151.176.198,,,,,158,2015-03-28 14:15:37,2015-03-28 14:17:41,正常完成
1657,1.30.136.12,,,,,166,2015-03-28 14:14:26,2015-03-28 14:18:05,正常完成
1659,101.226.125.114,,,,,49,2015-03-28 14:15:52,2015-03-28 14:19:27,正常完成
1661,60.16.222.29,,,,,129,2015-03-28 14:19:58,2015-03-28 14:22:01,正常完成
1663,123.151.153.36,,,,,75,2015-03-28 14:17:32,2015-03-28 14:22:16,正常完成
1665,222.94.229.120,,,,,163,2015-03-28 14:23:01,2015-03-28 14:25:37,正常完成
1667,218.202.111.43,,,,,66,2015-03-28 14:23:58,2015-03-28 14:26:37,正常完成
1669,101.226.125.116,,,,,164,2015-03-28 14:26:16,2015-03-28 14:29:37,正常完成
1671,114.232.155.222,,,,,145,2015-03-28 14:29:57,2015-03-28 14:31:43,正常完成
1673,117.136.8.199,,,,,50,2015-03-28 14:31:54,2015-03-28 14:33:25,正常完成
1675,120.204.218.188,,,,,158,2015-03-28 14:33:17,2015-03-28 14:35:59,正常完成
1677,116.112.56.20,,,,,147,2015-03-28 14:35:54,2015-03-28 14:37:52,正常完成
1679,221.215.196.246,,,,,148,2015-03-28 14:37:46,2015-03-28 14:39:08,正常完成
1681,115.238.240.133,,,,,182,2015-03-28 14:38:29,2015-03-28 14:40:08,正常完成
1683,123.151.64.142,,,,,32,2015-03-28 14:40:59,2015-03-28 14:42:29,正常完成
1685,153.119.167.3,,,,,168,2015-03-28 14:41:18,2015-03-28 14:43:36,正常完成
1687,180.153.81.159,,,,,165,2015-03-28 14:34:39,2015-03-28 14:45:59,正常完成
1689,123.151.42.50,,,,,148,2015-03-28 14:46:13,2015-03-28 14:48:14,正常完成
1691,101.226.125.116,,,,,160,2015-03-28 14:47:57,2015-03-28 14:49:01,正常完成
1693,101.226.125.113,,,,,175,2015-03-28 14:49:42,2015-03-28 14:52:20,正常完成
1695,101.226.125.17,,,,,144,2015-03-28 14:51:54,2015-03-28 14:53:38,正常完成
1697,222.74.228.13,,,,,46,2015-03-28 14:53:47,2015-03-28 14:55:48,正常完成
1699,110.17.228.178,,,,,55,2015-03-28 14:52:22,2015-03-28 14:58:25,正常完成
1701,123.151.139.155,,,,,145,2015-03-28 14:59:40,2015-03-28 15:02:02,正常完成
1703,49.77.188.219,,,,,172,2015-03-28 15:01:26,2015-03-28 15:03:37,正常完成
1705,27.213.22.213,,,,,23,2015-03-28 15:06:50,2015-03-28 15:08:33,正常完成
1707,123.151.12.154,,,,,56,2015-03-28 15:07:02,2015-03-28 15:08:49,正常完成
1709,101.226.61.190,,,,,53,2015-03-28 15:09:24,2015-03-28 15:10:03,正常完成
1711,111.161.57.31,,,,,162,2015-03-28 15:12:06,2015-03-28 15:13:44,正常完成
1713,116.2.236.12,,,,,132,2015-03-28 15:10:31,2015-03-28 15:15:05,正常完成
1715,49.74.51.237,,,,,53,2015-03-28 15:19:37,2015-03-28 15:21:12,正常完成
1717,118.187.27.30,,,,,146,2015-03-28 15:21:22,2015-03-28 15:23:38,正常完成
1719,114.242.250.11,,,,,141,2015-03-28 15:24:29,2015-03-28 15:27:03,正常完成
1721,101.226.61.184,,,,,171,2015-03-28 15:30:03,2015-03-28 15:32:48,正常完成
1723,101.226.125.114,,,,,170,2015-03-28 15:35:47,2015-03-28 15:38:17,正常完成
1725,218.202.111.43,,,,,166,2015-03-28 15:44:18,2015-03-28 15:47:12,正常完成
1727,218.202.111.43,,,,,146,2015-03-28 15:48:53,2015-03-28 15:49:39,正常完成
1729,123.151.153.36,,,,,171,2015-03-28 15:49:39,2015-03-28 15:53:13,正常完成
1731,221.220.177.140,,,,,129,2015-03-28 15:51:51,2015-03-28 15:53:34,正常完成
1733,111.17.195.235,,,,,188,2015-03-28 15:51:39,2015-03-28 15:54:17,正常完成
1735,112.224.67.94,,,,,67,2015-03-28 15:52:41,2015-03-28 15:55:07,正常完成
1737,58.213.28.102,,,,,154,2015-03-28 15:54:48,2015-03-28 15:57:44,正常完成
1739,218.202.111.43,,,,,159,2015-03-28 15:56:47,2015-03-28 15:58:20,正常完成
1741,218.202.111.42,,,,,135,2015-03-28 15:59:32,2015-03-28 16:00:11,正常完成
1743,222.74.69.66,,,,,157,2015-03-28 16:00:42,2015-03-28 16:02:20,正常完成
1745,1.61.184.63,,,,,135,2015-03-28 16:06:40,2015-03-28 16:09:50,正常完成
1747,123.151.12.152,,,,,55,2015-03-28 16:07:35,2015-03-28 16:10:06,正常完成
1749,122.192.41.162,,,,,44,2015-03-28 16:10:34,2015-03-28 16:12:19,正常完成
1751,117.136.45.138,,,,,158,2015-03-28 16:13:05,2015-03-28 16:14:16,正常完成
1753,113.5.2.7,,,,,51,2015-03-28 16:14:11,2015-03-28 16:15:43,正常完成
1755,218.202.111.42,,,,,146,2015-03-28 16:17:22,2015-03-28 16:18:29,正常完成
1757,223.104.19.16,,,,,32,2015-03-28 16:23:40,2015-03-28 16:25:44,正常完成
1759,1.57.64.164,,,,,36,2015-03-28 16:29:04,2015-03-28 16:30:18,正常完成
1761,101.226.125.18,,,,,44,2015-03-28 16:29:52,2015-03-28 16:31:40,正常完成
1763,123.151.153.35,,,,,158,2015-03-28 16:31:22,2015-03-28 16:34:12,正常完成
1765,101.226.61.184,,,,,53,2015-03-28 16:39:01,2015-03-28 16:40:06,正常完成
1767,117.136.77.20,,,,,165,2015-03-28 16:49:22,2015-03-28 16:51:10,正常完成
1769,14.100.132.202,,,,,166,2015-03-28 16:51:28,2015-03-28 16:53:07,正常完成
1771,223.104.8.175,,,,,171,2015-03-28 16:52:20,2015-03-28 16:53:36,正常完成
1773,122.96.31.12,,,,,46,2015-03-28 16:51:09,2015-03-28 16:53:48,正常完成
1775,218.202.111.42,,,,,117,2015-03-28 16:53:02,2015-03-28 16:55:10,正常完成
1777,218.202.111.42,,,,,117,2015-03-28 17:02:29,2015-03-28 17:03:04,正常完成
1779,123.151.153.36,,,,,165,2015-03-28 17:04:36,2015-03-28 17:06:59,正常完成
1781,101.226.61.189,,,,,145,2015-03-28 17:08:01,2015-03-28 17:09:50,正常完成
1783,123.151.42.47,,,,,52,2015-03-28 17:07:46,2015-03-28 17:10:15,正常完成
1785,61.164.116.179,,,,,190,2015-03-28 17:08:55,2015-03-28 17:10:46,正常完成
1787,122.96.44.14,,,,,162,2015-03-28 17:11:40,2015-03-28 17:13:10,正常完成
1789,123.151.139.156,,,,,137,2015-03-28 17:12:49,2015-03-28 17:16:15,正常完成
1791,42.103.113.219,,,,,146,2015-03-28 17:17:05,2015-03-28 17:18:37,正常完成
1793,123.151.12.154,,,,,149,2015-03-28 17:18:21,2015-03-28 17:19:33,正常完成
1795,188.84.207.191,,,,,34,2015-03-28 17:24:25,2015-03-28 17:25:15,正常完成
1797,223.104.2.169,,,,,161,2015-03-28 17:26:07,2015-03-28 17:28:09,正常完成
1799,112.224.65.30,,,,,60,2015-03-28 17:29:47,2015-03-28 17:30:55,正常完成
1801,218.202.111.43,,,,,149,2015-03-28 17:32:01,2015-03-28 17:35:26,正常完成
1803,1.58.79.82,,,,,176,2015-03-28 17:32:41,2015-03-28 17:35:33,正常完成
1805,27.128.177.72,,,,,37,2015-03-28 17:37:35,2015-03-28 17:39:19,正常完成
1807,218.202.111.43,,,,,170,2015-03-28 17:36:59,2015-03-28 17:40:53,正常完成
1809,123.151.12.154,,,,,148,2015-03-28 17:34:50,2015-03-28 17:44:04,正常完成
1811,123.151.42.57,,,,,74,2015-03-28 17:44:18,2015-03-28 17:47:09,正常完成
1813,123.151.42.46,,,,,44,2015-03-28 17:48:39,2015-03-28 17:50:17,正常完成
1815,42.185.28.6,,,,,143,2015-03-28 17:48:31,2015-03-28 17:51:05,正常完成
1817,1.191.169.138,,,,,162,2015-03-28 17:51:46,2015-03-28 17:53:26,正常完成
1819,111.126.111.193,,,,,176,2015-03-28 17:54:04,2015-03-28 17:56:25,正常完成
1821,123.151.176.198,,,,,56,2015-03-28 17:55:22,2015-03-28 17:57:21,正常完成
1823,49.66.134.77,,,,,173,2015-03-28 17:56:53,2015-03-28 17:57:27,正常完成
1825,101.226.61.190,,,,,158,2015-03-28 17:59:18,2015-03-28 18:01:43,正常完成
1827,123.151.42.52,,,,,155,2015-03-28 18:01:27,2015-03-28 18:03:59,正常完成
1829,123.151.42.47,,,,,62,2015-03-28 18:02:52,2015-03-28 18:06:08,正常完成
1831,116.114.62.143,,,,,155,2015-03-28 17:23:18,2015-03-28 18:09:57,正常完成
1833,124.79.33.19,,,,,176,2015-03-28 18:10:43,2015-03-28 18:12:02,正常完成
1835,110.17.234.64,,,,,159,2015-03-28 18:18:05,2015-03-28 18:20:28,正常完成
1837,123.151.38.94,,,,,153,2015-03-28 18:21:59,2015-03-28 18:22:37,正常完成
1839,218.202.111.42,,,,,160,2015-03-28 18:24:30,2015-03-28 18:26:57,正常完成
1841,101.226.125.117,,,,,170,2015-03-28 18:24:23,2015-03-28 18:28:24,正常完成
1843,123.151.64.143,,,,,153,2015-03-28 18:31:51,2015-03-28 18:34:41,正常完成
1845,117.84.178.122,,,,,169,2015-03-28 18:34:17,2015-03-28 18:37:06,正常完成
1847,110.7.50.180,,,,,59,2015-03-28 18:34:29,2015-03-28 18:39:24,正常完成
1849,123.168.96.138,,,,,164,2015-03-28 18:46:37,2015-03-28 18:48:22,正常完成
1851,123.151.42.49,,,,,76,2015-03-28 18:48:44,2015-03-28 18:49:52,正常完成
1853,218.202.111.43,,,,,140,2015-03-28 18:47:51,2015-03-28 18:51:14,正常完成
1855,101.226.61.193,,,,,38,2015-03-28 18:54:35,2015-03-28 18:57:05,正常完成
1857,180.154.161.77,,,,,161,2015-03-28 18:56:09,2015-03-28 18:58:00,正常完成
1859,218.202.111.34,,,,,172,2015-03-28 18:54:01,2015-03-28 19:00:06,正常完成
1861,218.202.111.43,,,,,120,2015-03-28 19:01:40,2015-03-28 19:03:03,正常完成
1863,112.224.65.145,,,,,69,2015-03-28 18:21:37,2015-03-28 19:04:04,正常完成
1865,218.202.111.42,,,,,188,2015-03-28 19:01:12,2015-03-28 19:04:33,正常完成
1867,218.202.111.43,,,,,164,2015-03-28 19:05:18,2015-03-28 19:08:34,正常完成
1869,171.112.96.46,,,,,161,2015-03-28 19:13:17,2015-03-28 19:15:36,正常完成
1871,101.226.89.193,,,,,57,2015-03-28 19:16:01,2015-03-28 19:18:08,正常完成
1873,221.211.197.114,,,,,44,2015-03-28 19:19:37,2015-03-28 19:21:10,正常完成
1875,116.226.107.174,,,,,49,2015-03-28 19:22:10,2015-03-28 19:23:58,正常完成
1877,101.226.125.18,,,,,164,2015-03-28 19:23:47,2015-03-28 19:26:04,正常完成
1879,123.151.12.152,,,,,164,2015-03-28 19:27:45,2015-03-28 19:29:26,正常完成
1881,183.62.37.121,,,,,170,2015-03-28 19:34:29,2015-03-28 19:36:53,正常完成
1883,116.112.219.68,,,,,69,2015-03-28 19:40:55,2015-03-28 19:44:08,正常完成
1885,14.17.37.162,,,,,174,2015-03-28 19:42:30,2015-03-28 19:45:19,正常完成
1887,123.151.153.35,,,,,144,2015-03-28 19:47:36,2015-03-28 19:49:33,正常完成
1889,123.151.64.142,,,,,136,2015-03-28 19:47:05,2015-03-28 19:50:57,正常完成
1891,218.202.111.34,,,,,172,2015-03-28 19:47:57,2015-03-28 19:52:53,正常完成
1893,175.167.152.92,,,,,164,2015-03-28 19:52:52,2015-03-28 19:54:52,正常完成
1895,218.202.111.42,,,,,153,2015-03-28 19:56:15,2015-03-28 19:58:27,正常完成
1897,101.226.125.115,,,,,175,2015-03-28 20:00:06,2015-03-28 20:02:40,正常完成
1899,218.202.111.34,,,,,169,2015-03-28 20:00:25,2015-03-28 20:03:16,正常完成
1901,123.151.12.154,,,,,147,2015-03-28 20:01:01,2015-03-28 20:04:59,正常完成
1903,117.136.45.153,,,,,135,2015-03-28 20:06:02,2015-03-28 20:09:03,正常完成
1905,117.135.149.14,,,,,157,2015-03-28 20:11:16,2015-03-28 20:13:31,正常完成
1907,222.163.135.94,,,,,50,2015-03-28 20:14:38,2015-03-28 20:16:21,正常完成
1909,123.151.139.156,,,,,185,2015-03-28 20:17:04,2015-03-28 20:18:03,正常完成
1911,218.202.111.43,,,,,169,2015-03-28 20:20:57,2015-03-28 20:24:33,正常完成
1913,175.23.83.221,,,,,165,2015-03-28 20:22:13,2015-03-28 20:25:43,正常完成
1915,123.151.42.50,,,,,152,2015-03-28 20:23:33,2015-03-28 20:26:56,正常完成
1917,218.202.111.43,,,,,159,2015-03-28 20:29:38,2015-03-28 20:33:40,正常完成
1919,113.108.11.52,,,,,117,2015-03-28 20:36:19,2015-03-28 20:37:56,正常完成
1921,36.45.242.98,,,,,126,2015-03-28 20:37:07,2015-03-28 20:40:08,正常完成
1923,223.81.83.57,,,,,171,2015-03-28 20:42:49,2015-03-28 20:45:25,正常完成
1925,223.104.2.39,,,,,147,2015-03-28 20:42:39,2015-03-28 20:45:42,正常完成
1927,14.17.37.144,,,,,142,2015-03-28 20:43:50,2015-03-28 20:45:43,正常完成
1929,113.108.11.52,,,,,117,2015-03-28 20:46:00,2015-03-28 20:46:33,正常完成
1931,111.127.34.54,,,,,168,2015-03-28 20:46:11,2015-03-28 20:48:25,正常完成
1933,1.27.91.123,,,,,180,2015-03-28 20:48:20,2015-03-28 20:52:56,正常完成
1935,117.136.45.133,,,,,144,2015-03-28 20:50:30,2015-03-28 20:53:48,正常完成
1937,221.3.60.249,,,,,135,2015-03-28 20:54:13,2015-03-28 20:56:34,正常完成
1939,1.27.91.123,,,,,172,2015-03-28 20:55:52,2015-03-28 20:58:46,正常完成
1941,140.207.185.13,,,,,75,2015-03-28 20:58:21,2015-03-28 21:01:18,正常完成
1943,222.71.142.94,,,,,130,2015-03-28 21:02:34,2015-03-28 21:03:48,正常完成
1945,14.17.37.43,,,,,155,2015-03-28 21:03:51,2015-03-28 21:06:58,正常完成
1947,221.212.172.92,,,,,149,2015-03-28 21:05:22,2015-03-28 21:08:13,正常完成
1949,123.151.42.50,,,,,167,2015-03-28 21:08:41,2015-03-28 21:10:52,正常完成
1951,27.223.68.218,,,,,174,2015-03-28 21:11:39,2015-03-28 21:15:02,正常完成
1953,222.240.152.197,,,,,75,2015-03-28 21:17:10,2015-03-28 21:18:38,正常完成
1955,123.167.4.44,,,,,67,2015-03-28 21:20:44,2015-03-28 21:23:21,正常完成
1957,123.151.42.49,,,,,163,2015-03-28 21:13:57,2015-03-28 21:24:08,正常完成
1960,218.202.111.43,,,,,136,2015-03-28 21:27:04,2015-03-28 21:29:06,正常完成
1962,123.151.42.49,,,,,48,2015-03-28 21:32:22,2015-03-28 21:33:31,正常完成
1964,120.204.200.42,,,,,66,2015-03-28 21:32:19,2015-03-28 21:39:03,正常完成
1966,112.226.170.174,,,,,176,2015-03-28 21:40:55,2015-03-28 21:42:45,正常完成
1968,117.135.170.67,,,,,151,2015-03-28 21:46:05,2015-03-28 21:46:33,正常完成
